Product,Price,category,Filename,Retailer
ROBE EN SATIN IMPRIMÃE,"119,00 TND",dresses,zara.csv,zara
ROBE SATINÃE,"119,00 TND",dresses,zara.csv,zara
ROBE PORTEFEUILLE SATINÃE,"119,00 TND",dresses,zara.csv,zara
ROBE EN SATIN AVEC IMPRIMÃ Ã FLEURS,"139,00 TND",dresses,zara.csv,zara
ROBE SATINÃE,"139,00 TND",dresses,zara.csv,zara
ROBE SATINÃE,"119,00 TND",dresses,zara.csv,zara
ROBE SATINÃE,"119,00 TND",dresses,zara.csv,zara
ROBE COURTE SATINÃE,"119,00 TND",dresses,zara.csv,zara
ROBE EN SATIN IMPRIMÃE,"119,00 TND",dresses,zara.csv,zara
ROBE COURTE SATINÃE,"119,00 TND",dresses,zara.csv,zara
ROBE PORTEFEUILLE SATINÃE,"119,00 TND",dresses,zara.csv,zara
ROBE PORTEFEUILLE SATINÃE,"119,00 TND",dresses,zara.csv,zara
ROBE AVEC EMPIÃCEMENTS Ã BRODERIES PERFORÃES,"119,00 TND",dresses,zara.csv,zara
ROBE COURTE Ã ÃLASTIQUES,"119,00 TND",dresses,zara.csv,zara
ROBE EN MAILLE Ã VOLANT,"139,00 TND",dresses,zara.csv,zara
ROBE Ã EMPIÃCEMENTS,"119,00 TND",dresses,zara.csv,zara
ROBE EN PLUMETIS BRODÃE,"139,00 TND",dresses,zara.csv,zara
ROBE EN PLUMETIS BRODÃE,"139,00 TND",dresses,zara.csv,zara
ROBE EN SATIN IMPRIMÃE,"119,00 TND",dresses,zara.csv,zara
ROBE-SALOPETTE DENIM,"119,00 TND",dresses,zara.csv,zara
ROBE LONGUE EN MAILLE Ã RAYURES,"139,00 TND",dresses,zara.csv,zara
ROBE TUNIQUE IMPRIMÃE,"139,00 TND",dresses,zara.csv,zara
ROBE TUNIQUE IMPRIMÃE,"189,00 TND",dresses,zara.csv,zara
ROBE SATINÃE,"119,00 TND",dresses,zara.csv,zara
ROBE Ã IMPRIMÃ FLEURI,"119,00 TND",dresses,zara.csv,zara
ROBE EN SATIN IMPRIMÃE,"119,00 TND",dresses,zara.csv,zara
ROBE EN SATIN IMPRIMÃE,"119,00 TND",dresses,zara.csv,zara
ROBE PORTEFEUILLE SATINÃE,"119,00 TND",dresses,zara.csv,zara
ROBE-GILET Ã CEINTURE,"239,00 TND",dresses,zara.csv,zara
ROBE COURTE Ã FRONCES,"139,00 TND",dresses,zara.csv,zara
ROBE AVEC MANCHE ASYMÃTRIQUE,"189,00 TND",dresses,zara.csv,zara
ROBE TUNIQUE IMPRIMÃE,"189,00 TND",dresses,zara.csv,zara
ROBE CHEMISE IMPRIMÃE,"139,00 TND",dresses,zara.csv,zara
ROBE EN POPELINE Ã IMPRIMÃ FLORAL,"189,00 TND",dresses,zara.csv,zara
SWEAT PURPLE MAGAZINE,"139,00 TND",sweatshirts,zara.csv,zara
SWEAT PURPLE MAGAZINE,"139,00 TND",sweatshirts,zara.csv,zara
SWEAT COURT AVEC VOLANTS,"119,00 TND",sweatshirts,zara.csv,zara
MANCHONS Ã TORSADES,"119,00 TND",sweatshirts,zara.csv,zara
TOP AJOURÃ Ã TORSADES,"89,90 TND",sweatshirts,zara.csv,zara
SWEAT OVERSIZE TIE & DYE,"99,90 TND",sweatshirts,zara.csv,zara
SWEAT CROPPED EN VELOURS,"119,00 TND",sweatshirts,zara.csv,zara
SWEAT OVERSIZE Ã CAPUCHE,"139,00 TND",sweatshirts,zara.csv,zara
SWEAT OVERSIZE Ã CAPUCHE,"109,00 TND",sweatshirts,zara.csv,zara
SWEAT OVERSIZE Ã CAPUCHE,"79,90 TND",sweatshirts,zara.csv,zara
SWEAT OVERSIZE,"119,00 TND",sweatshirts,zara.csv,zara
SWEAT OVERSIZE Ã EFFET DÃLAVÃ,"119,00 TND",sweatshirts,zara.csv,zara
GILET EN MOLLETON Ã CAPUCHE,"119,00 TND",sweatshirts,zara.csv,zara
SWEAT AJOURÃ,"79,90 TND",sweatshirts,zara.csv,zara
MANCHONS PERKINS,"119,00 TND",sweatshirts,zara.csv,zara
SWEAT TECHNIQUE ZIPPÃ,"99,90 TND",sweatshirts,zara.csv,zara
SWEAT CROP AVEC VOLUME,"79,90 TND",sweatshirts,zara.csv,zara
SWEAT COURT Ã CAPUCHE,"109,00 TND",sweatshirts,zara.csv,zara
SWEAT Ã MANCHES BOUFFANTES,"79,90 TND",sweatshirts,zara.csv,zara
SWEAT COURT Ã CAPUCHE,"119,00 TND",sweatshirts,zara.csv,zara
SWEAT FRUIT OF THE LOOM Â®,"109,00 TND",sweatshirts,zara.csv,zara
SWEAT CROP FRUIT OF THE LOOM Â®,"79,90 TND",sweatshirts,zara.csv,zara
SWEAT CROP FRUIT OF THE LOOM Â®,"79,90 TND",sweatshirts,zara.csv,zara
SWEAT FRUIT OF THE LOOM Â®,"79,90 TND",sweatshirts,zara.csv,zara
SWEAT CROPPED EN MAILLE,"139,00 TND",sweatshirts,zara.csv,zara
SWEAT BERKELEY â¢ UNIVERSITY,"109,00 TND",sweatshirts,zara.csv,zara
SWEAT STARTER Â©2021,"109,00 TND",sweatshirts,zara.csv,zara
PANTALON THE WEEKEND JOGGER,"139,00 TND",pants,zara.csv,zara
PANTALON THE WEEKEND JOGGER,"139,00 TND",pants,zara.csv,zara
PANTALON THE WEEKEND JOGGER,"139,00 TND",pants,zara.csv,zara
JUPE-CULOTTE EN MAILLE,"139,00 TND",pants,zara.csv,zara
PANTALON IMPRIMÃ,"79,90 TND",pants,zara.csv,zara
PANTALON IMPRIMÃ,"79,90 TND",pants,zara.csv,zara
PANTALON IMPRIMÃ,"79,90 TND",pants,zara.csv,zara
PANTALON FLUIDE IMPRIMÃ,"79,90 TND",pants,zara.csv,zara
PANTALON FLUIDE IMPRIMÃ,"79,90 TND",pants,zara.csv,zara
PANTALON FLUIDE IMPRIMÃ,"79,90 TND",pants,zara.csv,zara
PANTALON SATINÃ LARGE,"189,00 TND",pants,zara.csv,zara
PANTALON DROIT,"189,00 TND",pants,zara.csv,zara
PANTALON BRODÃ CONTENANT DU LIN,"99,90 TND",pants,zara.csv,zara
PANTALON FULL LENGTH AVEC LIN,"189,00 TND",pants,zara.csv,zara
PANTALON PLISSÃ,"119,00 TND",pants,zara.csv,zara
PANTALON STRUCTURÃ,"99,90 TND",pants,zara.csv,zara
PANTALON CIGARETTE STYLE SMOKING,"109,00 TND",pants,zara.csv,zara
PANTALON STYLE PYJAMA IMPRIMÃ,"139,00 TND",pants,zara.csv,zara
PANTALON BRODÃ CONTENANT DU LIN,"139,00 TND",pants,zara.csv,zara
PANTALON CIGARETTE IMPRIMÃ,"189,00 TND",pants,zara.csv,zara
BLAZER AVEC POIGNETS IMPRIMÃS,"189,00 TND",blazers,zara.csv,zara
VESTE DE SMOKING,"239,00 TND",blazers,zara.csv,zara
BLAZER STRUCTURÃE Ã POCHES,"299,00 TND",blazers,zara.csv,zara
BLAZER Ã BOUTONNAGE CROISÃ,"269,00 TND",blazers,zara.csv,zara
BLAZER AJUSTÃ TEXTURÃ,"269,00 TND",blazers,zara.csv,zara
BLAZER CROPPED SANS REVERS,"189,00 TND",blazers,zara.csv,zara
BLAZER Ã BOUTONNAGE CROISÃ AVEC LIN,"269,00 TND",blazers,zara.csv,zara
BLAZER Ã BOUTONNAGE CROISÃ AVEC LIN,"269,00 TND",blazers,zara.csv,zara
BLAZER CROP AVEC LIN,"269,00 TND",blazers,zara.csv,zara
BLAZER AJUSTÃ AVEC BOUTONS,"369,00 TND",blazers,zara.csv,zara
VESTE OVERSIZE Ã POCHES,"269,00 TND",blazers,zara.csv,zara
VESTE OVERSIZE Ã POCHES,"269,00 TND",blazers,zara.csv,zara
VESTE OVERSIZE Ã POCHES,"299,00 TND",blazers,zara.csv,zara
VESTE STRUCTURÃE Ã BOUTONS,"269,00 TND",blazers,zara.csv,zara
VESTE COURTE ÃDITION LIMITÃE,"369,00 TND",blazers,zara.csv,zara
VESTE Ã POCHES,"269,00 TND",blazers,zara.csv,zara
BLAZER AJUSTÃ Ã POCHES,"299,00 TND",blazers,zara.csv,zara
BLAZER DROIT LIMITED EDITION,"299,00 TND",blazers,zara.csv,zara
VESTE OVERSIZE Ã POCHES,"369,00 TND",blazers,zara.csv,zara
BLAZER DROIT AVEC LIN LIMITED EDITION,"369,00 TND",blazers,zara.csv,zara
BLAZER LONG AVEC COL Ã REVERS INVERSÃ,"299,00 TND",blazers,zara.csv,zara
BLAZER AJUSTÃ Ã CARREAUX,"299,00 TND",blazers,zara.csv,zara
POLO CROPPED RIB,"59,90 TND",t-shirts,zara.csv,zara
HAUT BASIQUE,"59,90 TND",t-shirts,zara.csv,zara
TOP CROP BIMATIÃRE,"19,90 TND",t-shirts,zara.csv,zara
TOP Ã FRONCES,"25,90 TND",t-shirts,zara.csv,zara
TOP CROP STRUCTURÃ,"79,90 TND",t-shirts,zara.csv,zara
HAUT BASIQUE Ã COL EN V,"35,90 TND",t-shirts,zara.csv,zara
TOP CROP FRONCÃ,"25,90 TND",t-shirts,zara.csv,zara
TOP CROP FRONCÃ,"79,90 TND",t-shirts,zara.csv,zara
HAUT BIMATIÃRE EN POPELINE,"59,90 TND",t-shirts,zara.csv,zara
HAUT BIMATIÃRE EN POPELINE,"59,90 TND",t-shirts,zara.csv,zara
TOP PLISSÃ,"19,90 TND",t-shirts,zara.csv,zara
TOP Ã ENCOLURE AMÃRICAINE IMPRIMÃ,"59,90 TND",t-shirts,zara.csv,zara
TOP EN RIB Ã VOLANTS,"59,90 TND",t-shirts,zara.csv,zara
TOP BIMATIÃRE EN POPELINE,"45,90 TND",t-shirts,zara.csv,zara
T-SHIRT PÃPLUM,"45,90 TND",t-shirts,zara.csv,zara
MULES Ã TALONS GÃOMÃTRIQUES,"139,00 TND",shoes,zara.csv,zara
SABOTS EN CUIR Ã FRANGES AVEC BOUCLE,"239,00 TND",shoes,zara.csv,zara
SABOTS EN CUIR Ã FRANGES AVEC BOUCLE,"239,00 TND",shoes,zara.csv,zara
SANDALES PLATES STYLE PLAGE EN CUIR,"179,00 TND",shoes,zara.csv,zara
SANDALES EN CUIR Ã TALONS EN BOIS,"179,00 TND",shoes,zara.csv,zara
MULES Ã TALONS TRESSÃES,"199,00 TND",shoes,zara.csv,zara
SANDALES STYLE PLAGE OUVERTES Ã LâARRIÃRE EN CROÃTE DE CUIR,"199,00 TND",shoes,zara.csv,zara
SANDALES PLATES EN CUIR Ã BOUCLES,"269,00 TND",shoes,zara.csv,zara
TENNIS SOFT,"169,00 TND",shoes,zara.csv,zara
SANDALES Ã TALONS PLATEFORMES,"139,00 TND",shoes,zara.csv,zara
SANDALES PLATES EN CUIR CROISÃES,"119,00 TND",shoes,zara.csv,zara
SANDALES PLATES EN CUIR CROISÃES,"119,00 TND",shoes,zara.csv,zara
SANDALES EN CUIR Ã TALONS MÃTALLISÃS,"179,00 TND",shoes,zara.csv,zara
CHAUSSURES Ã TALONS EN CUIR OUVERTES Ã L'ARRIÃRE,"199,00 TND",shoes,zara.csv,zara
SANDALES PLATES EN CUIR CROISÃES,"119,00 TND",shoes,zara.csv,zara
CHAUSSURES Ã TALONS EN CUIR OUVERTES Ã L'ARRIÃRE,"179,00 TND",shoes,zara.csv,zara
SANDALES AVEC BRIDES EN VINYLE,"179,00 TND",shoes,zara.csv,zara
MULES EN SATIN MATELASSÃ,"179,00 TND",shoes,zara.csv,zara
SANDALES AVEC BRIDES EN VINYLE,"179,00 TND",shoes,zara.csv,zara
SANDALES Ã TALONS ET BRIDES BRILLANTES,"169,00 TND",shoes,zara.csv,zara
FEMME 100Â ML + TWILIGHT 100Â ML,"79,90 TND",perfumes,zara.csv,zara
BRIGHT ROSE EDP 100Â ML,"49,90 TND",perfumes,zara.csv,zara
NUIT EDP 30Â ML,"25,90 TND",perfumes,zara.csv,zara
FLEUR D' ORANGER 90Â ML + 15Â ML,"139,00 TND",perfumes,zara.csv,zara
ZARA ROYAL SOFTNESS EAU DE PARFUM 100 ML,"79,90 TND",perfumes,zara.csv,zara
ZARA SEL DE PAMPLEMOUSSE EAU DE PARFUM 100 ML,"79,90 TND",perfumes,zara.csv,zara
NUIT 200Â ml,"59,90 TND",perfumes,zara.csv,zara
GARDENIA + ORCHID 100 ML,"79,90 TND",perfumes,zara.csv,zara
WATERLILY TEA DRESS 90 ML,"119,00 TND",perfumes,zara.csv,zara
WATERLILY TEA DRESS 40 ML,"79,90 TND",perfumes,zara.csv,zara
WATERLILY TEA DRESS 10 ML,"25,90 TND",perfumes,zara.csv,zara
EBONY WOOD 90 ML,"119,00 TND",perfumes,zara.csv,zara
EBONY WOOD 40 ML,"79,90 TND",perfumes,zara.csv,zara
EBONY WOOD 10 ML,"25,90 TND",perfumes,zara.csv,zara
VETIVER PAMPLEMOUSSE 90 ML,"119,00 TND",perfumes,zara.csv,zara
VETIVER PAMPLEMOUSSE 40 ML,"79,90 TND",perfumes,zara.csv,zara
FOULARD Ã CARREAUX,"99,90 TND",accessories,zara.csv,zara
MITAINES EN MAILLE,"45,90 TND",accessories,zara.csv,zara
MITAINES CÃTELÃES,"45,90 TND",accessories,zara.csv,zara
LOT DE TROIS CHOUCHOUS EN FAUSSE FOURRURE,"25,90 TND",accessories,zara.csv,zara
FOULARD Ã CARREAUX,"99,90 TND",accessories,zara.csv,zara
FOULARD Ã CARREAUX,"99,90 TND",accessories,zara.csv,zara
FOULARD Ã RAYURES,"99,90 TND",accessories,zara.csv,zara
FOULARD Ã RAYURES,"99,90 TND",accessories,zara.csv,zara
FOULARD BASIQUE CONTENANT DE LA LAINE,"89,90 TND",accessories,zara.csv,zara
FOULARD EN LIN IMPRIMÃ,"99,90 TND",accessories,zara.csv,zara
ÃCHARPE SOFT GÃOMÃTRIQUE,"99,90 TND",accessories,zara.csv,zara
ÃCHARPE SOFT GÃOMÃTRIQUE,"99,90 TND",accessories,zara.csv,zara
ÃCHARPE EN MAILLE CÃTELÃE,"99,90 TND",accessories,zara.csv,zara
PACK DE BARRETTES GLASS COLLECTION,"59,90 TND",accessories,zara.csv,zara
CEINTURE EN RAPHIA Ã BOUCLE CARRÃE,"89,90 TND",accessories,zara.csv,zara
CHAPEAU TRESSÃ,"89,90 TND",accessories,zara.csv,zara
CHAPEAU BUCKET,"109,00 TND",accessories,zara.csv,zara
BOB BUCKET SURPIQUÃ,"89,90 TND",accessories,zara.csv,zara
BOB BUCKET SURPIQUÃ,"79,90 TND",accessories,zara.csv,zara
BANDEAU POUR CHEVEUX TEXTURÃ,"79,90 TND",accessories,zara.csv,zara
BANDEAU POUR CHEVEUX TEXTURÃ,"35,90 TND",accessories,zara.csv,zara
BANDEAU POUR CHEVEUX TEXTURÃ,"35,90 TND",accessories,zara.csv,zara
ÃCHARPE BASIQUE,"35,90 TND",accessories,zara.csv,zara
ÃCHARPE BASIQUE,"99,90 TND",accessories,zara.csv,zara
ÃCHARPE BASIQUE,"99,90 TND",accessories,zara.csv,zara
CHOUCHOU FOULARD IMPRIMÃ,"99,90 TND",accessories,zara.csv,zara
CHOUCHOU FOULARD IMPRIMÃ,"99,90 TND",accessories,zara.csv,zara
CHOUCHOU FOULARD IMPRIMÃ,"35,90 TND",accessories,zara.csv,zara
PORTE-MONNAIE MATELASSÃ ET IMPRIMÃ,"35,90 TND",accessories,zara.csv,zara
PORTE-MONNAIE MATELASSÃ ET IMPRIMÃ,"35,90 TND",accessories,zara.csv,zara
PORTE-MONNAIE MATELASSÃ ET IMPRIMÃ,"35,90 TND",accessories,zara.csv,zara
CHOUCHOU FOULARD IMPRIMÃ,"35,90 TND",accessories,zara.csv,zara
TROUSSE MATELASSÃE ET IMPRIMÃE,"35,90 TND",accessories,zara.csv,zara
TROUSSE MATELASSÃE ET IMPRIMÃE,"35,90 TND",accessories,zara.csv,zara
TROUSSE MATELASSÃE ET IMPRIMÃE,"59,90 TND",accessories,zara.csv,zara
TROUSSE MATELASSÃE ET IMPRIMÃE,"59,90 TND",accessories,zara.csv,zara
Legging,"54,99Â TND",dresses,shana.csv,shana
Top,"24,99Â TND",dresses,shana.csv,shana
Ensemble,"134,99Â TND",dresses,shana.csv,shana
Top,"49,99Â TND",dresses,shana.csv,shana
Chemise,"79,99Â TND",dresses,shana.csv,shana
Top,"34,99Â TND",dresses,shana.csv,shana
Jeans,"63,99Â TND",dresses,shana.csv,shana
Top,"51,99Â TND",dresses,shana.csv,shana
Jeans,"63,99Â TND",dresses,shana.csv,shana
Chemise,"79,99Â TND",dresses,shana.csv,shana
Robe,"63,99Â TND",dresses,shana.csv,shana
Robe,"91,99Â TND",dresses,shana.csv,shana
Robe soirÃ©e,"159,99Â TND",dresses,shana.csv,shana
Robe short,"107,99Â TND",dresses,shana.csv,shana
Robe,"91,99Â TND",dresses,shana.csv,shana
Robe,"83,99Â TND",dresses,shana.csv,shana
Robe,"79,99Â TND",dresses,shana.csv,shana
Robe,"59,99Â TND",dresses,shana.csv,shana
Robe,"79,99Â TND",dresses,shana.csv,shana
Robe,"95,99Â TND",dresses,shana.csv,shana
Robe,"87,99Â TND",dresses,shana.csv,shana
Robe,"95,99Â TND",dresses,shana.csv,shana
Robe,"87,99Â TND",dresses,shana.csv,shana
Robe,"95,99Â TND",dresses,shana.csv,shana
Robe,"79,99Â TND",dresses,shana.csv,shana
Robe,"107,99Â TND",dresses,shana.csv,shana
Robe,"95,99Â TND",dresses,shana.csv,shana
Robe soirÃ©e,"131,99Â TND",dresses,shana.csv,shana
Robe,"59,99Â TND",dresses,shana.csv,shana
Robe soirÃ©e,"199,99Â TND",dresses,shana.csv,shana
Robe soirÃ©e,"159,99Â TND",dresses,shana.csv,shana
Robe,"107,99Â TND",dresses,shana.csv,shana
Robe,"76,49Â TND",dresses,shana.csv,shana
Robe,"87,49Â TND",dresses,shana.csv,shana
Robe,"69,99Â TND",dresses,shana.csv,shana
Robe,"69,99Â TND",dresses,shana.csv,shana
Tunique,"44,99Â TND",dresses,shana.csv,shana
Robe,"97,99Â TND",dresses,shana.csv,shana
Robe,"73,49Â TND",dresses,shana.csv,shana
Robe,"73,49Â TND",dresses,shana.csv,shana
Legging,"54,99Â TND",pants,shana.csv,shana
Top,"24,99Â TND",pants,shana.csv,shana
Ensemble,"134,99Â TND",pants,shana.csv,shana
Top,"49,99Â TND",pants,shana.csv,shana
Chemise,"79,99Â TND",pants,shana.csv,shana
Top,"34,99Â TND",pants,shana.csv,shana
Jeans,"63,99Â TND",pants,shana.csv,shana
Top,"51,99Â TND",pants,shana.csv,shana
Jeans,"63,99Â TND",pants,shana.csv,shana
Chemise,"79,99Â TND",pants,shana.csv,shana
Jeans,"63,99Â TND",pants,shana.csv,shana
Jeans,"63,99Â TND",pants,shana.csv,shana
Jeans,"55,99Â TND",pants,shana.csv,shana
Jeans,"71,99Â TND",pants,shana.csv,shana
Legging,"79,99Â TND",pants,shana.csv,shana
Jeans,"71,99Â TND",pants,shana.csv,shana
Jeans,"71,99Â TND",pants,shana.csv,shana
Jeans,"71,99Â TND",pants,shana.csv,shana
Jeans,"63,99Â TND",pants,shana.csv,shana
Jeans,"71,99Â TND",pants,shana.csv,shana
Jeans,"71,99Â TND",pants,shana.csv,shana
Jeans,"63,99Â TND",pants,shana.csv,shana
Jeans,"71,99Â TND",pants,shana.csv,shana
Jeans,"71,99Â TND",pants,shana.csv,shana
Jeans,"71,99Â TND",pants,shana.csv,shana
Jeans,"63,99Â TND",pants,shana.csv,shana
Jeans,"63,99Â TND",pants,shana.csv,shana
Jeans,"63,99Â TND",pants,shana.csv,shana
Pantalon large,"47,99Â TND",pants,shana.csv,shana
Pantalon large imprimÃ©,"63,99Â TND",pants,shana.csv,shana
Jeans,"71,99Â TND",pants,shana.csv,shana
jeans,"71,99Â TND",pants,shana.csv,shana
Jeans,"71,99Â TND",pants,shana.csv,shana
Jeans,"71,99Â TND",pants,shana.csv,shana
Jeans,"63,99Â TND",pants,shana.csv,shana
Jeans,"71,99Â TND",pants,shana.csv,shana
Jeans,"79,99Â TND",pants,shana.csv,shana
Jeans,"55,99Â TND",pants,shana.csv,shana
Jeans,"55,99Â TND",pants,shana.csv,shana
Jeans,"55,99Â TND",pants,shana.csv,shana
Legging,"54,99Â TND",blazers,shana.csv,shana
Top,"24,99Â TND",blazers,shana.csv,shana
Ensemble,"134,99Â TND",blazers,shana.csv,shana
Top,"49,99Â TND",blazers,shana.csv,shana
Chemise,"79,99Â TND",blazers,shana.csv,shana
Top,"34,99Â TND",blazers,shana.csv,shana
Jeans,"63,99Â TND",blazers,shana.csv,shana
Top,"51,99Â TND",blazers,shana.csv,shana
Jeans,"63,99Â TND",blazers,shana.csv,shana
Chemise,"79,99Â TND",blazers,shana.csv,shana
Legging,"54,99Â TND",t-shirts,shana.csv,shana
Top,"24,99Â TND",t-shirts,shana.csv,shana
Ensemble,"134,99Â TND",t-shirts,shana.csv,shana
Top,"49,99Â TND",t-shirts,shana.csv,shana
Chemise,"79,99Â TND",t-shirts,shana.csv,shana
Top,"34,99Â TND",t-shirts,shana.csv,shana
Jeans,"63,99Â TND",t-shirts,shana.csv,shana
Top,"51,99Â TND",t-shirts,shana.csv,shana
Jeans,"63,99Â TND",t-shirts,shana.csv,shana
Chemise,"79,99Â TND",t-shirts,shana.csv,shana
Top,"51,99Â TND",t-shirts,shana.csv,shana
Top,"39,99Â TND",t-shirts,shana.csv,shana
Top,"39,99Â TND",t-shirts,shana.csv,shana
Top,"31,99Â TND",t-shirts,shana.csv,shana
Top,"27,99Â TND",t-shirts,shana.csv,shana
Top,"39,99Â TND",t-shirts,shana.csv,shana
Top,"43,99Â TND",t-shirts,shana.csv,shana
Top,"43,99Â TND",t-shirts,shana.csv,shana
Top,"31,99Â TND",t-shirts,shana.csv,shana
Top,"27,99Â TND",t-shirts,shana.csv,shana
Top,"39,99Â TND",t-shirts,shana.csv,shana
Top,"31,99Â TND",t-shirts,shana.csv,shana
Top,"31,99Â TND",t-shirts,shana.csv,shana
Top,"23,99Â TND",t-shirts,shana.csv,shana
Top,"31,99Â TND",t-shirts,shana.csv,shana
Top,"23,99Â TND",t-shirts,shana.csv,shana
Top,"23,99Â TND",t-shirts,shana.csv,shana
Top,"23,99Â TND",t-shirts,shana.csv,shana
Top,"15,99Â TND",t-shirts,shana.csv,shana
Top,"31,99Â TND",t-shirts,shana.csv,shana
Top,"31,99Â TND",t-shirts,shana.csv,shana
Top,"27,99Â TND",t-shirts,shana.csv,shana
Top,"27,99Â TND",t-shirts,shana.csv,shana
Top Body,"31,99Â TND",t-shirts,shana.csv,shana
Top,"31,49Â TND",t-shirts,shana.csv,shana
Top,"31,49Â TND",t-shirts,shana.csv,shana
Top,"31,49Â TND",t-shirts,shana.csv,shana
Top,"44,99Â TND",t-shirts,shana.csv,shana
Top,"31,49Â TND",t-shirts,shana.csv,shana
Top body,"35,99Â TND",t-shirts,shana.csv,shana
Legging,"54,99Â TND",shoes,shana.csv,shana
Top,"24,99Â TND",shoes,shana.csv,shana
Ensemble,"134,99Â TND",shoes,shana.csv,shana
Top,"49,99Â TND",shoes,shana.csv,shana
Chemise,"79,99Â TND",shoes,shana.csv,shana
Top,"34,99Â TND",shoes,shana.csv,shana
Jeans,"63,99Â TND",shoes,shana.csv,shana
Top,"51,99Â TND",shoes,shana.csv,shana
Jeans,"63,99Â TND",shoes,shana.csv,shana
Chemise,"79,99Â TND",shoes,shana.csv,shana
Legging,"54,99Â TND",accessories,shana.csv,shana
Top,"24,99Â TND",accessories,shana.csv,shana
Ensemble,"134,99Â TND",accessories,shana.csv,shana
Top,"49,99Â TND",accessories,shana.csv,shana
Chemise,"79,99Â TND",accessories,shana.csv,shana
Top,"34,99Â TND",accessories,shana.csv,shana
Jeans,"63,99Â TND",accessories,shana.csv,shana
Top,"51,99Â TND",accessories,shana.csv,shana
Jeans,"63,99Â TND",accessories,shana.csv,shana
Chemise,"79,99Â TND",accessories,shana.csv,shana
Sac,"29,99Â TND",accessories,shana.csv,shana
Sac,"29,99Â TND",accessories,shana.csv,shana
Sac,"34,99Â TND",accessories,shana.csv,shana
Robe texturÃ©e imprimÃ©e,119 TND,dresses,mango.csv,mango
Robe texturÃ©e imprimÃ©e,119 TND,dresses,mango.csv,mango
Salopette denim Wideleg,189 TND,dresses,mango.csv,mango
Robe imprimÃ©e nÅuds,139 TND,dresses,mango.csv,mango
Robe imprimÃ©e nÅuds,139 TND,dresses,mango.csv,mango
Robe chemisier modal,189 TND,dresses,mango.csv,mango
Combinaison bretelles,189 TND,dresses,mango.csv,mango
Salopette denim crop,189 TND,dresses,mango.csv,mango
Robe midi satinÃ©e,189 TND,dresses,mango.csv,mango
Combinaison denim ceinture,189 TND,dresses,mango.csv,mango
Robe ajustÃ©e dos ouvert,"99,90 TND",dresses,mango.csv,mango
Robe ajustÃ©e dos ouvert,"99,90 TND",dresses,mango.csv,mango
Robe plissÃ©e imprimÃ©e,139 TND,dresses,mango.csv,mango
Robe plissÃ©e imprimÃ©e,139 TND,dresses,mango.csv,mango
Robe fluide Ã  imprimÃ© floral,139 TND,dresses,mango.csv,mango
Salopette jean Maternity,239 TND,dresses,mango.csv,mango
Robe imprimÃ©e ouvertures ,139 TND,dresses,mango.csv,mango
Combinaison denim coton,239 TND,dresses,mango.csv,mango
Robe fluide imprimÃ©e,139 TND,dresses,mango.csv,mango
Robe maille ajourÃ©e,139 TND,dresses,mango.csv,mango
Robe chemisier longue,239 TND,dresses,mango.csv,mango
Robe froncÃ©e imprimÃ©e,119 TND,dresses,mango.csv,mango
Robe froncÃ©e imprimÃ©e,119 TND,dresses,mango.csv,mango
Robe imprimÃ©e manches bouffantes,119 TND,dresses,mango.csv,mango
Robe imprimÃ©e Ã  nÅud,119 TND,dresses,mango.csv,mango
Robe imprimÃ©e manches bouffantes,119 TND,dresses,mango.csv,mango
Robe imprimÃ©e volantÃ©e,139 TND,dresses,mango.csv,mango
Robe midi 100Â % coton,139 TND,dresses,mango.csv,mango
Salopette jean Maternity,239 TND,dresses,mango.csv,mango
Robe texturÃ©e volantÃ©e,119 TND,dresses,mango.csv,mango
Salopette denim,189 TND,dresses,mango.csv,mango
Robe en imprimÃ© paisley,189 TND,dresses,mango.csv,mango
Robe dÃ©tails plissÃ©s,189 TND,dresses,mango.csv,mango
Robe courte fluide,"99,90 TND",dresses,mango.csv,mango
Combinaison imprimÃ©e,139 TND,dresses,mango.csv,mango
Robe imprimÃ©e avec ceinture,189 TND,dresses,mango.csv,mango
Robe midi imprimÃ©e,119 TND,dresses,mango.csv,mango
Robe coton volantÃ©e,"99,90 TND",dresses,mango.csv,mango
Salopette denim style jupe-culotte,189 TND,dresses,mango.csv,mango
Robe midi imprimÃ©e,119 TND,dresses,mango.csv,mango
Robe lin empiÃ¨cement Ã©lastique,189 TND,dresses,mango.csv,mango
Robe en imprimÃ© paisley,189 TND,dresses,mango.csv,mango
Robe Ã  fleurs,189 TND,dresses,mango.csv,mango
Robe lin empiÃ¨cement Ã©lastique,189 TND,dresses,mango.csv,mango
Robe cache-cÅur,189 TND,dresses,mango.csv,mango
Robe Ã  fleurs,119 TND,dresses,mango.csv,mango
Robe ouverte dans le dos,139 TND,dresses,mango.csv,mango
Robe froncÃ©e imprimÃ©e,139 TND,dresses,mango.csv,mango
Robe ouverte dans le dos,119 TND,dresses,mango.csv,mango
Robe coton imprimÃ©e,189 TND,dresses,mango.csv,mango
Robe plissÃ©e imprimÃ©e,"99,90 TND",dresses,mango.csv,mango
Robe imprimÃ©e avec ceinture,139 TND,dresses,mango.csv,mango
Robe fluide Ã  imprimÃ© floral,139 TND,dresses,mango.csv,mango
Robe plissÃ©e imprimÃ©e,"99,90 TND",dresses,mango.csv,mango
Robe Ã  imprimÃ© fleurs,"99,90 TND",dresses,mango.csv,mango
Robe imprimÃ©e avec ceinture,139 TND,dresses,mango.csv,mango
Robe fluide Ã  imprimÃ© floral,139 TND,dresses,mango.csv,mango
Robe Ã©vasÃ©e rayures ,189 TND,dresses,mango.csv,mango
Robe Ã  imprimÃ© fleurs,139 TND,dresses,mango.csv,mango
Robe coton imprimÃ©e,189 TND,dresses,mango.csv,mango
Combinaison coton imprimÃ©e,189 TND,dresses,mango.csv,mango
Robe fluide Ã  imprimÃ© floral,189 TND,dresses,mango.csv,mango
Robe coton volants,189 TND,dresses,mango.csv,mango
Robe cache-cÅur nÅud,189 TND,dresses,mango.csv,mango
Robe volant coton bio,"69,90 TND",dresses,mango.csv,mango
Robe coton fendue,139 TND,dresses,mango.csv,mango
Robe courte plissÃ©e,139 TND,dresses,mango.csv,mango
Robe volant coton bio,"69,90 TND",dresses,mango.csv,mango
Robe volant coton bio,"99,90 TND",dresses,mango.csv,mango
Robe base volantÃ©e,189 TND,dresses,mango.csv,mango
Robe lin ceinture,189 TND,dresses,mango.csv,mango
Robe fluide volants,239 TND,dresses,mango.csv,mango
Robe texturÃ©e volantÃ©e,139 TND,dresses,mango.csv,mango
Robe midi 100Â % coton,139 TND,dresses,mango.csv,mango
Robe texturÃ©e volantÃ©e,119 TND,dresses,mango.csv,mango
Robe coton volantÃ©e,189 TND,dresses,mango.csv,mango
Robe coton volants,139 TND,dresses,mango.csv,mango
Robe midi fluide,189 TND,dresses,mango.csv,mango
Robe coton volantÃ©e,119 TND,dresses,mango.csv,mango
Robe coton broderie suisse,119 TND,dresses,mango.csv,mango
Pantalon coton Ã  poches,"99,90 TND",pants,mango.csv,mango
Pantalon coton Ã  poches,"99,90 TND",pants,mango.csv,mango
Pantalon jogger coton,119 TND,pants,mango.csv,mango
Pantalon taille Ã©lastique similicuir,139 TND,pants,mango.csv,mango
Pantalon jogging texturÃ©,119 TND,pants,mango.csv,mango
Pantalon jogging texturÃ©,119 TND,pants,mango.csv,mango
Jupe-culotte lin,139 TND,pants,mango.csv,mango
Jupe-culotte lin,139 TND,pants,mango.csv,mango
Jupe-culotte Ã  pinces,189 TND,pants,mango.csv,mango
Pantalon Ã  pinces,189 TND,pants,mango.csv,mango
Pantalon Ã  pinces,189 TND,pants,mango.csv,mango
Pantalon palazzo taille haute,139 TND,pants,mango.csv,mango
Jean taille haute,119 TND,pants,mango.csv,mango
Pantalon de costume ceinture,139 TND,pants,mango.csv,mango
Jean taille haute,119 TND,pants,mango.csv,mango
Pantalon jogger maille,139 TND,pants,mango.csv,mango
Legging coton Maternity,"69,90 TND",pants,mango.csv,mango
Pantalon palazzo fluide,189 TND,pants,mango.csv,mango
Pantalon de costume ceinture,139 TND,pants,mango.csv,mango
Pantalon palazzo taille haute,139 TND,pants,mango.csv,mango
Legging de sport,139 TND,pants,mango.csv,mango
Pantalon coton taille Ã©lastique,139 TND,pants,mango.csv,mango
Pantalon coton taille Ã©lastique,139 TND,pants,mango.csv,mango
Pantalon taille Ã©lastique,119 TND,pants,mango.csv,mango
Pantalon maille cÃ´telÃ©e,"99,90 TND",pants,mango.csv,mango
Pantalon de costume cigarette,119 TND,pants,mango.csv,mango
Pantalon fluide imprimÃ©,139 TND,pants,mango.csv,mango
Pantalon coton taille Ã©lastique,119 TND,pants,mango.csv,mango
Legging nÃ©oprÃ¨ne dÃ©coupÃ© au laser,139 TND,pants,mango.csv,mango
Pantalon taille Ã©lastique,119 TND,pants,mango.csv,mango
Pantalon de jogging cordon,119 TND,pants,mango.csv,mango
Bermuda nÅud lin,119 TND,pants,mango.csv,mango
Pantalon de jogging en coton bio,119 TND,pants,mango.csv,mango
Pantalon de jogging cordon,119 TND,pants,mango.csv,mango
Pantalon taille Ã©lastique similicuir,139 TND,pants,mango.csv,mango
Jupe-culotte coton,119 TND,pants,mango.csv,mango
Jupe-culotte coton,119 TND,pants,mango.csv,mango
Pantalon droit imprimÃ©,119 TND,pants,mango.csv,mango
Pantalon de jogging cordon,119 TND,pants,mango.csv,mango
Pantalon de jogging cordon,119 TND,pants,mango.csv,mango
Pantalon 100Â % lin,139 TND,pants,mango.csv,mango
Pantalon 100Â % lin,139 TND,pants,mango.csv,mango
Pantalon 100Â % lin,139 TND,pants,mango.csv,mango
Pantalon lin ceinture,139 TND,pants,mango.csv,mango
Jupe-culotte coton lin,139 TND,pants,mango.csv,mango
Jupe-culotte coton lin,139 TND,pants,mango.csv,mango
Pantalon jogging coton durable,"99,90 TND",pants,mango.csv,mango
Jupe-culotte vichy,"99,90 TND",pants,mango.csv,mango
Pantalon jogger coton,"99,90 TND",pants,mango.csv,mango
Jupe-culotte imprimÃ©e,139 TND,pants,mango.csv,mango
Pantalon droit coton,119 TND,pants,mango.csv,mango
Jupe-culotte,139 TND,pants,mango.csv,mango
Pantalon soft cÃ´telÃ©,"99,90 TND",pants,mango.csv,mango
Pantalon jogging coton durable,"99,90 TND",pants,mango.csv,mango
Leggings basiques,"45,90 TND",pants,mango.csv,mango
Pantalon 100Â % lin,139 TND,pants,mango.csv,mango
Pantalon palazzo Ã  pinces,189 TND,pants,mango.csv,mango
Pantalon 100Â % lin,139 TND,pants,mango.csv,mango
Pantalon droit similicuir,139 TND,pants,mango.csv,mango
Jupe-culotte coton,119 TND,pants,mango.csv,mango
Pantalon imprimÃ© fluide,"99,90 TND",pants,mango.csv,mango
Pantalon droit pinces,189 TND,pants,mango.csv,mango
Jupe-culotte coton,139 TND,pants,mango.csv,mango
Pantalon fluide imprimÃ©,119 TND,pants,mango.csv,mango
Pantalon fluide imprimÃ©,119 TND,pants,mango.csv,mango
Pantalon 100Â % Lyocell,139 TND,pants,mango.csv,mango
Pantalon Ã  imprimÃ©s combinÃ©s,119 TND,pants,mango.csv,mango
Pantalon 100Â % lin,139 TND,pants,mango.csv,mango
Pantalon 100Â % Lyocell,139 TND,pants,mango.csv,mango
Pantalon modal taille Ã©lastique,189 TND,pants,mango.csv,mango
Pantalon droit maille,119 TND,pants,mango.csv,mango
Pantalon droit maille,119 TND,pants,mango.csv,mango
Pantalon de costume ceinture,139 TND,pants,mango.csv,mango
Pantalon Lyocell droit,119 TND,pants,mango.csv,mango
Pantalon Lyocell Ã  pinces,189 TND,pants,mango.csv,mango
Pantalon droit pinces,139 TND,pants,mango.csv,mango
Legging nÃ©oprÃ¨ne dÃ©coupÃ© au laser,139 TND,pants,mango.csv,mango
Pantalon palazzo plissÃ©,139 TND,pants,mango.csv,mango
Legging de sport sans couture,139 TND,pants,mango.csv,mango
Pantalon avec des ouvertures en bas,139 TND,pants,mango.csv,mango
Veste de costume structurÃ©e,189 TND,blazers,mango.csv,mango
Veste de costume structurÃ©e,189 TND,blazers,mango.csv,mango
Veste basique cintrÃ©e,189 TND,blazers,mango.csv,mango
Veste basique cintrÃ©e,189 TND,blazers,mango.csv,mango
Blouson biker ,139 TND,blazers,mango.csv,mango
Veste de costume structurÃ©e,189 TND,blazers,mango.csv,mango
Blouson biker Ã  fourrure,269 TND,blazers,mango.csv,mango
Veste Ã  carreaux vichy,239 TND,blazers,mango.csv,mango
Blouson biker en cuir,469 TND,blazers,mango.csv,mango
Veste de costume structurÃ©e,189 TND,blazers,mango.csv,mango
Trench fluide court,239 TND,blazers,mango.csv,mango
Veste oversize denim,139 TND,blazers,mango.csv,mango
Veste jaspÃ©e en laine,269 TND,blazers,mango.csv,mango
Veste structurÃ©e double boutonnage,299 TND,blazers,mango.csv,mango
Veste oversize denim,139 TND,blazers,mango.csv,mango
Blouson biker en cuir,469 TND,blazers,mango.csv,mango
Veste en coton poches,189 TND,blazers,mango.csv,mango
Veste structurÃ©e en coton,239 TND,blazers,mango.csv,mango
Veste structurÃ©e en coton,239 TND,blazers,mango.csv,mango
VESTE,139 TND,blazers,mango.csv,mango
Veste croisÃ©e lin,239 TND,blazers,mango.csv,mango
Veste fluide crÃªpe,239 TND,blazers,mango.csv,mango
Blouson crop Ã©paulettes,139 TND,blazers,mango.csv,mango
Veste fluide crÃªpe,239 TND,blazers,mango.csv,mango
Gilet denim poches,139 TND,blazers,mango.csv,mango
Surchemise carreaux oversize,269 TND,blazers,mango.csv,mango
Veste en coton poches,189 TND,blazers,mango.csv,mango
Gilet denim poches,139 TND,blazers,mango.csv,mango
Robe kimono imprimÃ© fleuri,189 TND,blazers,mango.csv,mango
Surchemise denim manches bouffantes,139 TND,blazers,mango.csv,mango
Veste Ã  carreaux vichy,239 TND,blazers,mango.csv,mango
Blouson oversize denim empiÃ¨cements,189 TND,blazers,mango.csv,mango
Trench fluide court,239 TND,blazers,mango.csv,mango
Gilet 100Â % coton,139 TND,blazers,mango.csv,mango
Veste Ã  carreaux vichy,239 TND,blazers,mango.csv,mango
Surchemise Lyocell poches,189 TND,blazers,mango.csv,mango
Veste style kimono,239 TND,blazers,mango.csv,mango
Trench fluide court,239 TND,blazers,mango.csv,mango
Veste de costume en modal,239 TND,blazers,mango.csv,mango
Surchemise Lyocell poches,189 TND,blazers,mango.csv,mango
Surchemise Lyocell poches,189 TND,blazers,mango.csv,mango
Gilet poches lin,189 TND,blazers,mango.csv,mango
Gilet denim clous,139 TND,blazers,mango.csv,mango
Blouson denim coton,139 TND,blazers,mango.csv,mango
Veste crop Lyocell,239 TND,blazers,mango.csv,mango
Surchemise coton crop,139 TND,blazers,mango.csv,mango
Surchemise coton crop,139 TND,blazers,mango.csv,mango
Surchemise coton crop,139 TND,blazers,mango.csv,mango
Blouson denim oversize,139 TND,blazers,mango.csv,mango
Veste coton tweed,299 TND,blazers,mango.csv,mango
Caftan brodÃ© Ã Â franges,239 TND,blazers,mango.csv,mango
Veste oversize denim,189 TND,blazers,mango.csv,mango
Veste crÃªpe ceinture,239 TND,blazers,mango.csv,mango
Veste 100Â % lin,189 TND,blazers,mango.csv,mango
Veste structurÃ©e fluide,299 TND,blazers,mango.csv,mango
Veste structurÃ©e fluide,299 TND,blazers,mango.csv,mango
Veste en tweed Ã  poches,269 TND,blazers,mango.csv,mango
Veste de costume structurÃ©e,269 TND,blazers,mango.csv,mango
Veste de costume structurÃ©e,269 TND,blazers,mango.csv,mango
Veste de costume fluide,269 TND,blazers,mango.csv,mango
Veste croisÃ©e lin,239 TND,blazers,mango.csv,mango
Veste de costume structurÃ©e,269 TND,blazers,mango.csv,mango
Veste en tweed Ã  poches,269 TND,blazers,mango.csv,mango
Veste en tweed Ã  poches,269 TND,blazers,mango.csv,mango
Gilet oversize,239 TND,blazers,mango.csv,mango
Veste 100Â % lin,239 TND,blazers,mango.csv,mango
Blouson crop Ã©paulettes,139 TND,blazers,mango.csv,mango
VESTE,139 TND,blazers,mango.csv,mango
Blouson denim oversize,139 TND,blazers,mango.csv,mango
Surchemise laine oversize,269 TND,blazers,mango.csv,mango
Chemise denim coton,139 TND,blazers,mango.csv,mango
Surchemise laine oversize,269 TND,blazers,mango.csv,mango
Gilet croisÃ© coton,239 TND,blazers,mango.csv,mango
Surchemise faite main oversize,369 TND,blazers,mango.csv,mango
Veste oversize coton,239 TND,blazers,mango.csv,mango
Bomber imprimÃ© chaÃ®nes,239 TND,blazers,mango.csv,mango
Gilet tweed poches,239 TND,blazers,mango.csv,mango
Veste de costume structurÃ©e,189 TND,blazers,mango.csv,mango
Gilet tweed poches,239 TND,blazers,mango.csv,mango
VESTE,139 TND,blazers,mango.csv,mango
Sweat-shirt coton Ã  boutons,119 TND,t-shirts,mango.csv,mango
Sweat-shirt coton Ã  boutons,119 TND,t-shirts,mango.csv,mango
Top maille asymÃ©trique,"69,90 TND",t-shirts,mango.csv,mango
T-shirt rayures Ã©paulettes,"69,90 TND",t-shirts,mango.csv,mango
Pull-over style polo,139 TND,t-shirts,mango.csv,mango
T-shirt manches Ã  revers,"59,90 TND",t-shirts,mango.csv,mango
Crop top maille,"99,90 TND",t-shirts,mango.csv,mango
T-shirt basique en coton,"69,90 TND",t-shirts,mango.csv,mango
T-shirt en coton Ã  volants,"69,90 TND",t-shirts,mango.csv,mango
Crop top maille,"99,90 TND",t-shirts,mango.csv,mango
Top maille asymÃ©trique,"69,90 TND",t-shirts,mango.csv,mango
Top 100Â % lin,"69,90 TND",t-shirts,mango.csv,mango
Polo maille torsadÃ©e,119 TND,t-shirts,mango.csv,mango
Top 100Â % lin,"69,90 TND",t-shirts,mango.csv,mango
T-shirt basique en coton,"35,90 TND",t-shirts,mango.csv,mango
T-shirt basique en coton,"35,90 TND",t-shirts,mango.csv,mango
T-shirt basique coton bio,"35,90 TND",t-shirts,mango.csv,mango
Body cachemire bretelles,189 TND,t-shirts,mango.csv,mango
Body encolure carrÃ©e,139 TND,t-shirts,mango.csv,mango
T-shirt basique col en V,"45,90 TND",t-shirts,mango.csv,mango
T-shirt coton texturÃ©,"69,90 TND",t-shirts,mango.csv,mango
Polo combinÃ© maille,139 TND,t-shirts,mango.csv,mango
T-shirt 100Â % lin,"69,90 TND",t-shirts,mango.csv,mango
T-shirt dÃ©tails plissÃ©s,"35,90 TND",t-shirts,mango.csv,mango
Top 100Â % lin,"69,90 TND",t-shirts,mango.csv,mango
Pull-over style polo,139 TND,t-shirts,mango.csv,mango
Top polyester recyclÃ©,"45,90 TND",t-shirts,mango.csv,mango
Top crop cÃ´telÃ©,"99,90 TND",t-shirts,mango.csv,mango
Top crop cÃ´telÃ©,"99,90 TND",t-shirts,mango.csv,mango
T-shirt basique en coton,"59,90 TND",t-shirts,mango.csv,mango
T-shirt basique en coton,"35,90 TND",t-shirts,mango.csv,mango
Top maille cÃ´telÃ©e,"69,90 TND",t-shirts,mango.csv,mango
T-shirt basique en coton,"35,90 TND",t-shirts,mango.csv,mango
Top cÃ´telÃ© en coton,"45,90 TND",t-shirts,mango.csv,mango
Top crop froncÃ©,"59,90 TND",t-shirts,mango.csv,mango
Top crop froncÃ©,"59,90 TND",t-shirts,mango.csv,mango
Top crop froncÃ©,"59,90 TND",t-shirts,mango.csv,mango
T-shirt 100Â % lin,"69,90 TND",t-shirts,mango.csv,mango
T-shirt 100Â % lin,"69,90 TND",t-shirts,mango.csv,mango
T-shirt basique en coton,"59,90 TND",t-shirts,mango.csv,mango
Sandales matelassÃ©es talon,139 TND,shoes,mango.csv,mango
Sandales matelassÃ©es talon,139 TND,shoes,mango.csv,mango
Ballerines cuir nÅud,139 TND,shoes,mango.csv,mango
Escarpins pointus,139 TND,shoes,mango.csv,mango
Ballerines cuir nÅud,139 TND,shoes,mango.csv,mango
Bottines cuir bout carrÃ©,269 TND,shoes,mango.csv,mango
Baskets semelle maxi,239 TND,shoes,mango.csv,mango
Baskets semelle maxi,239 TND,shoes,mango.csv,mango
Bottines cuir Ã  talon,239 TND,shoes,mango.csv,mango
Sabots feutre sangle,119 TND,shoes,mango.csv,mango
Tennis semelle track,189 TND,shoes,mango.csv,mango
Sandales laniÃ¨res nÅuds,"99,90 TND",shoes,mango.csv,mango
Sandales Ã Â laniÃ¨res cuir,139 TND,shoes,mango.csv,mango
Sandales Ã Â laniÃ¨res cuir,189 TND,shoes,mango.csv,mango
Sandales laniÃ¨res nÅuds,"99,90 TND",shoes,mango.csv,mango
Sandales Ã Â laniÃ¨res cuir,139 TND,shoes,mango.csv,mango
Sandales Ã  bride de cheville,"99,90 TND",shoes,mango.csv,mango
Sandales Ã  laniÃ¨res tressÃ©es,"99,90 TND",shoes,mango.csv,mango
Sandales compensÃ©es cuir,189 TND,shoes,mango.csv,mango
Sandales cuir talon ,189 TND,shoes,mango.csv,mango
Sandales cuir froncÃ©,139 TND,shoes,mango.csv,mango
Baskets basiques lacets ,119 TND,shoes,mango.csv,mango
Sandales laniÃ¨res cuir ,189 TND,shoes,mango.csv,mango
Bottes cuir Goodyear welted,"1Â 299,90 TND",shoes,mango.csv,mango
Baskets basiques lacets ,139 TND,shoes,mango.csv,mango
Baskets plateforme Ã  lacets,139 TND,shoes,mango.csv,mango
Chaussures Ã  talon imitation serpent,139 TND,shoes,mango.csv,mango
Baskets plateforme Ã  lacets,189 TND,shoes,mango.csv,mango
Sandales Ã Â laniÃ¨res cuir,139 TND,shoes,mango.csv,mango
Escarpins cuir,189 TND,shoes,mango.csv,mango
Chaussures Ã  talon imitation serpent,139 TND,shoes,mango.csv,mango
Escarpins asymÃ©triques,139 TND,shoes,mango.csv,mango
Sandales laniÃ¨res imitation serpent,139 TND,shoes,mango.csv,mango
Sandales Ã Â laniÃ¨res cuir,189 TND,shoes,mango.csv,mango
Sandales Ã Â laniÃ¨res cuir,189 TND,shoes,mango.csv,mango
Sandales cuir talon laniÃ¨res,189 TND,shoes,mango.csv,mango
Sandales cuir talon ,189 TND,shoes,mango.csv,mango
Sandales laniÃ¨res nÅuds,139 TND,shoes,mango.csv,mango
Sandales laniÃ¨res nÅuds,139 TND,shoes,mango.csv,mango
Sandales plateforme nÅud,189 TND,shoes,mango.csv,mango
ChevaliÃ¨re mÃ©tallique,119 TND,accessories,mango.csv,mango
Lot boucles d'oreille strass,"45,90 TND",accessories,mango.csv,mango
Boucles d'oreilles perles combinÃ©es,"45,90 TND",accessories,mango.csv,mango
Collier cercles pendentif,"59,90 TND",accessories,mango.csv,mango
Set boucles dâoreilles combinÃ©es,"45,90 TND",accessories,mango.csv,mango
Lot boucles d'oreille strass,"45,90 TND",accessories,mango.csv,mango
Collier chaÃ®ne pendentif,"59,90 TND",accessories,mango.csv,mango
ChevaliÃ¨re pierre,"45,90 TND",accessories,mango.csv,mango
ChevaliÃ¨re pierre,"45,90 TND",accessories,mango.csv,mango
Bague dÃ©tail nÅud,"99,90 TND",accessories,mango.csv,mango
Bague asymÃ©trique,"99,90 TND",accessories,mango.csv,mango
Bague mÃ©tallique,"99,90 TND",accessories,mango.csv,mango
Collier maillons,139 TND,accessories,mango.csv,mango
Collier chaÃ®ne perle,119 TND,accessories,mango.csv,mango
CrÃ©oles irrÃ©guliÃ¨res,119 TND,accessories,mango.csv,mango
CrÃ©oles,119 TND,accessories,mango.csv,mango
CrÃ©oles,119 TND,accessories,mango.csv,mango
CrÃ©oles irrÃ©guliÃ¨res,119 TND,accessories,mango.csv,mango
Bracelet multiple,139 TND,accessories,mango.csv,mango
Bracelet manchette mÃ©tallique,119 TND,accessories,mango.csv,mango
Collier chaÃ®ne,119 TND,accessories,mango.csv,mango
Bracelet maillons ,119 TND,accessories,mango.csv,mango
Bracelet dÃ©tail nÅud,119 TND,accessories,mango.csv,mango
Set boucles dâoreilles combinÃ©es,"59,90 TND",accessories,mango.csv,mango
Collier chaÃ®ne pendentif,"59,90 TND",accessories,mango.csv,mango
Collier chaÃ®ne pendentif,"59,90 TND",accessories,mango.csv,mango
Set bagues relief,"45,90 TND",accessories,mango.csv,mango
Bague relief,"59,90 TND",accessories,mango.csv,mango
Collier chaÃ®ne pendentif,"59,90 TND",accessories,mango.csv,mango
Collier chaÃ®nes combinÃ©es,"59,90 TND",accessories,mango.csv,mango
Collier pendentifs perles,"59,90 TND",accessories,mango.csv,mango
CrÃ©oles combinÃ©es,"45,90 TND",accessories,mango.csv,mango
Bague texture relief,119 TND,accessories,mango.csv,mango
Bague relief,119 TND,accessories,mango.csv,mango
Bague relief,119 TND,accessories,mango.csv,mango
Set bagues carrÃ©es,139 TND,accessories,mango.csv,mango
Set bagues fines,139 TND,accessories,mango.csv,mango
Collier asymÃ©trique relief,139 TND,accessories,mango.csv,mango
Pack boucles dâoreilles piercing,119 TND,accessories,mango.csv,mango
Collier chaÃ®ne perle,119 TND,accessories,mango.csv,mango
Collier relief,119 TND,accessories,mango.csv,mango
Collier maillons,"69,90 TND",accessories,mango.csv,mango
Anneaux entrelacÃ©s,"45,90 TND",accessories,mango.csv,mango
Collier pendentif bague,"59,90 TND",accessories,mango.csv,mango
Collier pendentif bague,"59,90 TND",accessories,mango.csv,mango
Collier chaÃ®nes combinÃ©es,"69,90 TND",accessories,mango.csv,mango
CrÃ©oles irrÃ©guliÃ¨res,"45,90 TND",accessories,mango.csv,mango
CrÃ©oles irrÃ©guliÃ¨res,"45,90 TND",accessories,mango.csv,mango
CrÃ©oles irrÃ©guliÃ¨res,"45,90 TND",accessories,mango.csv,mango
CrÃ©oles irrÃ©guliÃ¨res,"45,90 TND",accessories,mango.csv,mango
CrÃ©oles mÃ©talliques,"45,90 TND",accessories,mango.csv,mango
Collier pendentif,"59,90 TND",accessories,mango.csv,mango
Collier pendentif,"59,90 TND",accessories,mango.csv,mango
Collier maillons,"69,90 TND",accessories,mango.csv,mango
Grande bague relief,"59,90 TND",accessories,mango.csv,mango
Boucles d'oreilles pendantes cristaux,119 TND,accessories,mango.csv,mango
Set boucles dâoreilles combinÃ©es,"45,90 TND",accessories,mango.csv,mango
Boucles d'oreilles pendantes cercles,"45,90 TND",accessories,mango.csv,mango
Boucles dâoreilles pierre semi-prÃ©cieuse,"59,90 TND",accessories,mango.csv,mango
Set 2Â bagues combinÃ©es,"59,90 TND",accessories,mango.csv,mango
CrÃ©oles irrÃ©guliÃ¨res,"45,90 TND",accessories,mango.csv,mango
CrÃ©oles combinables,"59,90 TND",accessories,mango.csv,mango
CrÃ©oles,"45,90 TND",accessories,mango.csv,mango
CrÃ©oles,"45,90 TND",accessories,mango.csv,mango
Set boucles dâoreilles combinÃ©es,"45,90 TND",accessories,mango.csv,mango
Lot bagues sodalite et fluorite ,119 TND,accessories,mango.csv,mango
Lot bagues sodalite et pierre de lune,119 TND,accessories,mango.csv,mango
Bracelet perle pierre,"99,90 TND",accessories,mango.csv,mango
Collier pierre pendentif,"99,90 TND",accessories,mango.csv,mango
Collier pierres pendentifs,119 TND,accessories,mango.csv,mango
Bracelet perle pierre,"99,90 TND",accessories,mango.csv,mango
Collier pierre pendentif,119 TND,accessories,mango.csv,mango
Collier pierre pendentif,119 TND,accessories,mango.csv,mango
Collier pierre pendentif,"99,90 TND",accessories,mango.csv,mango
Bracelet perle pierre,"99,90 TND",accessories,mango.csv,mango
CrÃ©oles irrÃ©guliÃ¨res,"45,90 TND",accessories,mango.csv,mango
CrÃ©oles irrÃ©guliÃ¨res,"45,90 TND",accessories,mango.csv,mango
Set boucles dâoreilles combinÃ©es,"45,90 TND",accessories,mango.csv,mango
Set boucles dâoreilles combinÃ©es,"45,90 TND",accessories,mango.csv,mango
CrÃ©oles,"45,90 TND",accessories,mango.csv,mango
Pantacheville formel femme,"69,990Â TND",pants,HA.csv,HA
Jeans coupe High Rise Straight ,"69,990Â TND",pants,HA.csv,HA
Pantalon femme ,"59,990Â TND",pants,HA.csv,HA
Pantalon avec cordon femme,"59,990Â TND",pants,HA.csv,HA
Pantalon large imprimÃ© gÃ©omÃ©trique,"39,990Â TND",pants,HA.csv,HA
Pantalon large gaufre femme,"49,990Â TND",pants,HA.csv,HA
Pantalon avec ceinture Ã  nouer ,"59,990Â TND",pants,HA.csv,HA
Pantalon large cropped cÃ´telÃ© ,"39,990Â TND",pants,HA.csv,HA
Pantacheville en gabardine  femme,"59,990Â TND",pants,HA.csv,HA
Pantalon denim femme,"69,990Â TND",pants,HA.csv,HA
Pantacheville formel femme,"69,990Â TND",pants,HA.csv,HA
Pantalon flare femme ,"79,990Â TND",pants,HA.csv,HA
Gilet femme ,"99,990Â TND",blazers,HA.csv,HA
Gilet femme ,"79,990Â TND",blazers,HA.csv,HA
Gilet femme ,"69,990Â TND",blazers,HA.csv,HA
Twin-set imprimÃ© ethnique femme ,"59,990Â TND",blazers,HA.csv,HA
Gilet long cÃ´telÃ© munie d'une ceinture,"49,990Â TND",blazers,HA.csv,HA
Gilet kimono imprimÃ©,"19,990Â TND",blazers,HA.csv,HA
Gilet femme ,"89,990Â TND",blazers,HA.csv,HA
Gilet court avec nÅud ,"29,990Â TND",blazers,HA.csv,HA
Gilet sans manches,"89,990Â TND",blazers,HA.csv,HA
Gilet long kimono,"49,990Â TND",blazers,HA.csv,HA
Gilet long femme,"99,990Â TND",blazers,HA.csv,HA
Gilet long en fausse fourrure,"89,990Â TND",blazers,HA.csv,HA
T-Shirt femme,"39,990Â TND",t-shirts,HA.csv,HA
T-Shirt femme ,"39,990Â TND",t-shirts,HA.csv,HA
T-Shirt femme ,"25,990Â TND",t-shirts,HA.csv,HA
Top femme,"19,990Â TND",t-shirts,HA.csv,HA
Tunique cÃ´telÃ© femme,"39,990Â TND",t-shirts,HA.csv,HA
T-Shirt imprimÃ© gÃ©omÃ©trique femme,"35,990Â TND",t-shirts,HA.csv,HA
DÃ©bardeur femme ,"15,990Â TND",t-shirts,HA.csv,HA
T-Shirt femme,"29,990Â TND",t-shirts,HA.csv,HA
T-Shirt imprimÃ© gÃ©omÃ©trique femme,"35,990Â TND",t-shirts,HA.csv,HA
Top gaufre col bardot femme,"25,990Â TND",t-shirts,HA.csv,HA
T-Shirt femme ,"29,990Â TND",t-shirts,HA.csv,HA
T-Shirt femme,"35,990Â TND",t-shirts,HA.csv,HA
Robe mi-longue Ã  col chemise,"89,990Â TND",shoes,HA.csv,HA
Robe midi rayÃ©e aspect lin ,"79,990Â TND",shoes,HA.csv,HA
Ensemble short femme,"39,990Â TND",shoes,HA.csv,HA
T-Shirt femme ,"25,990Â TND",shoes,HA.csv,HA
Short femme ,"25,990Â TND",shoes,HA.csv,HA
Soutien-gorge dentelle paddÃ©,"44,990Â TND",shoes,HA.csv,HA
Soutien-gorge dentelle Extra Push Up,"49,990Â TND",shoes,HA.csv,HA
Soutien-gorge dentelle Extra Push Up,"49,990Â TND",shoes,HA.csv,HA
Soutien-gorge dentelle Push Up,"44,990Â TND",shoes,HA.csv,HA
Soutien-gorge dentelle emboitant ,"44,990Â TND",shoes,HA.csv,HA
Soutien-gorge dentelle Extra Push Up,"39,990Â TND",shoes,HA.csv,HA
Soutien-gorge Basic Extra Push Up,"39,990Â TND",shoes,HA.csv,HA
Soutien-gorge dentelle,"39,990Â TND",accessories,HA.csv,HA
Soutien-gorge dentelle souple,"39,990Â TND",accessories,HA.csv,HA
Soutien-gorge dentelle Push Up,"39,990Â TND",accessories,HA.csv,HA
Soutien-gorge dentelle emboitant,"39,990Â TND",accessories,HA.csv,HA
Soutien-gorge dentelle emboitant,"39,990Â TND",accessories,HA.csv,HA
Soutien-gorge Basic Extra Push Up ,"35,990Â TND",accessories,HA.csv,HA
Soutien-gorge Basic Push Up,"35,990Â TND",accessories,HA.csv,HA
Soutien-gorge Basic Bandeau,"35,990Â TND",accessories,HA.csv,HA
Soutien-gorge en coton imprimÃ©,"29,990Â TND",accessories,HA.csv,HA
Soutien-gorge Extra Push Up,"29,990Â TND",accessories,HA.csv,HA
Soutien-gorge Basic Extra Push Up,"29,990Â TND",accessories,HA.csv,HA
Soutien-gorge dentelle ,"44,990Â TND",accessories,HA.csv,HA
Robe blouse noire en jean Ã  manches bouffantes,3 TND,dresses,drest.csv,drest
NAFNAF â Robe dâÃ©tÃ© femme Ã  manches transparentes,1144.9 TND,dresses,drest.csv,drest
NAFNAF â Robe courte col V en Bleu marine,114.9 TND,dresses,drest.csv,drest
NewLook â Pale Blue Floral Belted Mini Dress,185.0 TND,dresses,drest.csv,drest
"NAFNAF â Robe femme, col V croisÃ© avec nÅud",219.9 TND,dresses,drest.csv,drest
Robe en jean bleu pÃ¢le Ã  manches bouffantes et col bardot,124.9 TND,dresses,drest.csv,drest
NAFNAF â Robe courte verte Ã  strass,87.4 TND,dresses,drest.csv,drest
Black Floral Strappy Sundress,219.9 TND,dresses,drest.csv,drest
NAFNAF â ROBE AVEC DES ORS,114.9 TND,dresses,drest.csv,drest
NAFNAF â Robe courte Ã  col classique Beige,199.9 TND,dresses,drest.csv,drest
NAFNAF â ROBE LONGUE PAILLETÃE,79.9 TND,dresses,drest.csv,drest
White Shirred Waist Strappy Playsuit,279.9 TND,dresses,drest.csv,drest
RIVER ISLAND -BLACK â PRINT SLS ANNECY PRINTED PINNY MIDI,279.9 TND,dresses,drest.csv,drest
Black Crop Wide Leg Jumpsuit,319.9 TND,dresses,drest.csv,drest
RIVER ISLAND -PINK â PRINT SLS ANNECY PRINTED PINNY MIDI,89.9 TND,dresses,drest.csv,drest
Black Spot Ruffle Wrap Playsuit,194.9 TND,dresses,drest.csv,drest
NafNaf â Robe de mariÃ©e dos nu,114.9 TND,dresses,drest.csv,drest
Pale Blue Puff Sleeve Denim Playsuit,194.9 TND,dresses,drest.csv,drest
"Combinaison noire ample, nouÃ©e sur le devant",114.9 TND,dresses,drest.csv,drest
Newlook â Combishort blanc Ã  effet lin boutonnÃ©,599.0 TND,dresses,drest.csv,drest
Black Jersey Ribbed Belted Sleeveless Jumpsuit,299.5 TND,dresses,drest.csv,drest
NafNaf â LONG FLOWING JUMPSUIT,114.9 TND,dresses,drest.csv,drest
Newlook â Robe trapÃ¨ze gris clair en tulle Ã  effet tie dye,154.9 TND,dresses,drest.csv,drest
RIVER ISLAND -BLACK VELVET BOW PLAYSUIT,94.9 TND,dresses,drest.csv,drest
NafNaf â Green LONG DRESS with V-neck and wallet closure,47.4 TND,dresses,drest.csv,drest
RIVER ISLAND -White Belted Bodycon Midi Dress,94.9 TND,dresses,drest.csv,drest
Light Green Ribbed Puff Sleeve Mini Dress,216.9 TND,dresses,drest.csv,drest
Robe mi-longue blanche fleurie nouÃ©e Ã  lâavant,309.9 TND,dresses,drest.csv,drest
Robe blouse en jean bleu Ã  manches bouffantes,114.9 TND,dresses,drest.csv,drest
Newlook â Combishort vert menthe Ã  effet lin boutonnÃ©,34.4 TND,dresses,drest.csv,drest
Robe blanc cassÃ© en jean Ã  manches bouffantes,194.9 TND,dresses,drest.csv,drest
RIVER ISLAND -RED â DARK SL ONE SHOULDER DIAMANTE JS,289.9 TND,dresses,drest.csv,drest
"NafNaf â Dress with wrap closure, V-neck and side bow.",249.9 TND,dresses,drest.csv,drest
RIVER ISLAND -White Bandeau Bodycon Dress,79.9 TND,dresses,drest.csv,drest
RIVER ISLAND -BLACK LS FRILL HEM STAR PRINT DRESS,114.9 TND,dresses,drest.csv,drest
RIVER ISLAND -BLACK SS OVIE RUFFLE LACE MIX DRESS,91.8 TND,dresses,drest.csv,drest
RIVER ISLAND -BLACK LS LACE SMOCK MIDI DRESS,114.9 TND,dresses,drest.csv,drest
NafNaf â Halter neckline satin midi dress,94.9 TND,dresses,drest.csv,drest
"ETAM -DOLI Combinaison Ã  bretelles rayÃ©e, Ecru",47.4 TND,dresses,drest.csv,drest
NEWLOOK â Curves Pale Blue Chiffon Tiered Midi Dress,114.9 TND,dresses,drest.csv,drest
Robe mi-longue rose froncÃ©e Ã  imprimÃ© floral,229.9 TND,dresses,drest.csv,drest
Black Tropical Palm Tie Waist Playsuit,153.9 TND,dresses,drest.csv,drest
Newlook â Bright Pink Spot Mesh Halter Midi Dress,219.9 TND,dresses,drest.csv,drest
RIVER ISLAND -PINK â BRIGHT SL OLIVE BUCKLE JUMPSUIT,259.9 TND,dresses,drest.csv,drest
Newlook â Combinaison courte bleue effet lin boutonnÃ©e Ã  lâavant,154.9 TND,dresses,drest.csv,drest
Maison 1 2 3 â Robe courte col V Ã  fil mÃ©tallisÃ© Blanc,139.9 TND,dresses,drest.csv,drest
RIVER ISLAND -Black Button Peplum Bandeau Bodycon Dress Size 10,165.0 TND,dresses,drest.csv,drest
Combishort blanc Ã  imprimÃ© zÃ¨bre et Ã  nouer Ã  la taille,289.9 TND,dresses,drest.csv,drest
Robe mi-longue bleu marine Ã  volants en satin,169.0 TND,dresses,drest.csv,drest
Combishort en jean bleu dÃ©lavÃ© Ã  lâacide Ã  ceinture,129.9 TND,dresses,drest.csv,drest
NafNaf â ROBE COURTE EN CARAMEL,154.9 TND,dresses,drest.csv,drest
NafNaf â ROBE COURTE AVEC NÅUD EN BLEU MARINE,77.4 TND,dresses,drest.csv,drest
NafNaf â ROBE COURTE AVEC NÅUD EN FUSCHIA,59.9 TND,dresses,drest.csv,drest
NafNaf â ROBE COURTE VIOLET FLUIDE,47.9 TND,dresses,drest.csv,drest
NafNaf â ROBE EN BLEU MARINE COURTE FLUIDE,194.9 TND,dresses,drest.csv,drest
NafNaf â Robe femme Naf Naf HERMIONE R1 en bleu,229.9 TND,dresses,drest.csv,drest
NafNaf â ROBE AVEC DÃTAIL BRODÃ EN ROUGE,114.9 TND,dresses,drest.csv,drest
NafNaf â ROBE AVEC DÃTAIL BRODÃ,57.4 TND,dresses,drest.csv,drest
Newlook â Combinaison rouge brique courte effet lin boutonnÃ©e Ã  lâavant,599.0 TND,dresses,drest.csv,drest
Newlook â Robe chasuble noire en crÃªpe Ã  anneaux en rÃ©sine,299.5 TND,dresses,drest.csv,drest
NafNaf â Robe femme Blue,249.9 TND,dresses,drest.csv,drest
NAfNaf â Robe de mariÃ©e Alma en dentelle,59.9 TND,dresses,drest.csv,drest
NEWLOOK â Red Spot Puff Sleeve Tie Wrap Mini Dress,47.8 TND,dresses,drest.csv,drest
NEWLOOK â Red Acid Wash Jersey Smock Dress,134.9 TND,dresses,drest.csv,drest
NAFNAF â Blue Cotton-blend skinny pants,3 TND,pants,drest.csv,drest
NAFNAF â Pantalon Droit noir pour femme,1144.9 TND,pants,drest.csv,drest
NAFNAF â Pantalon noir fuselÃ© pour femme,129.9 TND,pants,drest.csv,drest
NAFNAF â Pantalon noir large avec ceinture Ã  la taille.,239.9 TND,pants,drest.csv,drest
NewLook â Blue Bleach Wash Mid Rise India Super Skinny Jeans,239.9 TND,pants,drest.csv,drest
NAFNAF â PANTALON CHINO AVEC IMPRIMÃ,239.9 TND,pants,drest.csv,drest
Newlook â Jeans skinny Yazmin bleu clair taille haute,114.9 TND,pants,drest.csv,drest
Jegging bleu sculptant et push-up Ã  dÃ©lavage moyen,57.4 TND,pants,drest.csv,drest
Newlook â Jean super skinny Hallie rose dÃ©lavÃ© Ã  lâacide dÃ©chirÃ©,219.9 TND,pants,drest.csv,drest
NafNaf â Pantalon femme Blanc,124.9 TND,pants,drest.csv,drest
Pantalon slim noir zippÃ©,74.9 TND,pants,drest.csv,drest
"ETAM -ANIL Pantalon de pyjama rayÃ©, Marine",89.9 TND,pants,drest.csv,drest
"ETAM -BAYRONNE Pantalon de pyjama imprimÃ© bandana, Corail",134.9 TND,pants,drest.csv,drest
"ETAM -GALIZ Pantalon satinÃ© imprimÃ© feuillages, Ecru",67.4 TND,pants,drest.csv,drest
"ETAM -ILMA Pantalon de pyjama imprimÃ© fleuri, Anis",229.0 TND,pants,drest.csv,drest
"ETAM -IAN Pantalon de pyjama imprimÃ© floral, Kaki",89.9 TND,pants,drest.csv,drest
"ETAM -ISAAC Pantalon de pyjama imprimÃ©, Kaki",53.9 TND,pants,drest.csv,drest
"ETAM -MYANA Pantalon de pyjama imprimÃ© fleuri, Ecru",125.0 TND,pants,drest.csv,drest
"ETAM -ALEXIA Pantacourt imprimÃ©, Vert",119.0 TND,pants,drest.csv,drest
"ETAM -MICKY Pantalon de pyjama rayÃ©, Ecru",135.0 TND,pants,drest.csv,drest
"ETAM -LOTIER Pantalon satinÃ© imprimÃ©, Ecru",125.0 TND,pants,drest.csv,drest
"ETAM -DAMJAN Pantalon satinÃ© imprimÃ©, IMP FD Ecru",125.0 TND,pants,drest.csv,drest
"ETAM -CATWALKY Pantalon de pyjama satinÃ©, Bleu",99.0 TND,pants,drest.csv,drest
"ETAM -EVIE Pantalon de pyjama imprimÃ©, IMP FD ECRU",125.0 TND,pants,drest.csv,drest
"ETAM -ERBAL Pantalon satinÃ© imprimÃ©, Bronze",125.0 TND,pants,drest.csv,drest
"ETAM -MADDEN Pantalon de pyjama imprimÃ©, Lila",125.0 TND,pants,drest.csv,drest
"ETAM -WALLY Pantalon de pyjama, Noir",135.0 TND,pants,drest.csv,drest
Pale Blue Ripped Tori Mom Jeans,135.0 TND,pants,drest.csv,drest
Jean super skinny India bleu extra doux,125.0 TND,pants,drest.csv,drest
Pantalon large noir Ã  imprimÃ© pÃ¢querettes,135.0 TND,pants,drest.csv,drest
Jean bootcut bleu Ã  taille ajustÃ©e,135.0 TND,pants,drest.csv,drest
NafNaf â  Pantalon Femme (Noir/Blanc),125.0 TND,pants,drest.csv,drest
Newlook â Jean skinny Jenna bleu vif dÃ©lavÃ© Ã  lâacide,119.0 TND,pants,drest.csv,drest
Pantalon large blanc cassÃ© en mousseline Ã  fleurs,154.9 TND,pants,drest.csv,drest
Pale Blue Acid Wash Ripped Tori Mom Jeans,114.9 TND,pants,drest.csv,drest
Jean super skinny India bleu vif extra doux,114.9 TND,pants,drest.csv,drest
SALSA JEANS â Pantalons boyfriend paperbag avec ceinture,80.4 TND,pants,drest.csv,drest
NEWLOOK â Blue Vintage Wash Hannah Straight Leg Jeans,124.9 TND,pants,drest.csv,drest
SALSA JEANS â BOYFRIEND JEANS WITH RIPS,87.4 TND,pants,drest.csv,drest
SALSA JEANS â MOM CAPRI white JEANS,207.0 TND,pants,drest.csv,drest
SALSA JEANS â PUSH UP WONDER CAPRI JEANS WITH DETAIL ON BELT,103.5 TND,pants,drest.csv,drest
Pantalon court marron Ã  imprimÃ© animal,79.9 TND,pants,drest.csv,drest
RIVER ISLAND -BEIGE â LIGHT SEQUIN LUREX JOGGER,55.9 TND,pants,drest.csv,drest
NEWLOOK â Curves Black Ribbed Flared Trousers,114.9 TND,pants,drest.csv,drest
Maison 1 2 3 â Pantalon droit et cropped Rose,154.9 TND,pants,drest.csv,drest
NEWLOOK â Black Ribbed Zip Front Flared Trousers,108.4 TND,pants,drest.csv,drest
SALSA JEANS â Jeans Shape Up Push Up capri avec dÃ©tail poche,114.9 TND,pants,drest.csv,drest
NEWLOOK â Pale Blue Elasticated High Waist Dayna Tapered Jeans,269.9 TND,pants,drest.csv,drest
NEWLOOK â Blue Ripped Knee High Waist Tori Mom Jeans,81.0 TND,pants,drest.csv,drest
NEWLOOK â Blue Ripped High Waist Tori Mom Jeans,129.9 TND,pants,drest.csv,drest
SALSA JEANS â MOM CAPRI BLUE JEANS WITH VINTAGE LOOK,344.9 TND,pants,drest.csv,drest
SALSA JEANS â SECRET PLUS PUSH IN JEANS IN MEDIUM RINSE,309.9 TND,pants,drest.csv,drest
Jegging Emilee bleu pÃ¢le sculptant et push-up,344.9 TND,pants,drest.csv,drest
NEWLOOK â Blue Seam High Waist Tori Mom Jeans,94.9 TND,pants,drest.csv,drest
NEWLOOK â Bright Blue Ripped High Waist Tori Mom Jeans,47.4 TND,pants,drest.csv,drest
NEWLOOK â Blue Ripped Ankle Grazing Hannah Straight Leg Jeans,154.9 TND,pants,drest.csv,drest
SALSA JEANS â Jeans Mystery Push Up capri avec cristaux Swarovski,75.9 TND,pants,drest.csv,drest
NEWLOOK â Khaki Denim High Waist Super Skinny Cargo Trousers,359.0 TND,pants,drest.csv,drest
SALSA JEANS â SLIM FIT PUSH IN SECRET JEANS,179.5 TND,pants,drest.csv,drest
SALSA JEANS â SECRET PUSH IN SLIM JEANS WITH RINSED EFFECT,99.0 TND,pants,drest.csv,drest
SALSA JEANS â SECRET PUSH IN SKINNY JEANS,309.9 TND,pants,drest.csv,drest
SALSA JEANS â SLOUCHY CAPRI TROUSERS WITH DETAIL,93.0 TND,pants,drest.csv,drest
RIVER ISLAND -Pink Cargo Trousers,129.9 TND,pants,drest.csv,drest
RIVER ISLAND -PINK ZACH WIDE LEG TROUSER,169.9 TND,pants,drest.csv,drest
RIVER ISLAND -Brown spot cropped blazer,3 TND,blazers,drest.csv,drest
RIVER ISLAND -BLACK SL GATSBY VEST,1144.9 TND,blazers,drest.csv,drest
NafNaf â AMERICANA PENW 21,284.9 TND,blazers,drest.csv,drest
NafNaf â Womenâs jacket with stripes,154.9 TND,blazers,drest.csv,drest
NafNaf â Womenâs yellow jacket with a pattern,289.9 TND,blazers,drest.csv,drest
SALSA JEANS â Veste cropped oversize en jean,319.0 TND,blazers,drest.csv,drest
SALSA JEANS â Veste en jean Premium Blue avec graphique,159.5 TND,blazers,drest.csv,drest
NafNaf â Veste ecru fluide manches froissÃ©es,299.0 TND,blazers,drest.csv,drest
SALSA JEANS â SLIM FIT DENIM GREEN  JACKET,149.5 TND,blazers,drest.csv,drest
Maison 1 2 3 â Veste geranuim avec un col tailleur et de longues manches,309.9 TND,blazers,drest.csv,drest
SALSA JEANS â Cardigan Travel Denim2Go,93.0 TND,blazers,drest.csv,drest
SALSA JEANS â Blouson oversize en jean avec col en fourrure synthÃ©tique,494.9 TND,blazers,drest.csv,drest
SALSA JEANS â KNITTED JACKET WITH PLAIT DETAIL,148.5 TND,blazers,drest.csv,drest
Maison 123 â Black Mid-length jacket with tailored collar,289.9 TND,blazers,drest.csv,drest
RIVER ISLAND -BLACK FAUX FUR EMBELLISHED JACKET,309.9 TND,blazers,drest.csv,drest
RIVER ISLAND -BLACK TWILL DB BLAZER,519.0 TND,blazers,drest.csv,drest
Maison 1 2 3 â Veste classy rayÃ©e en noir et blanc,259.5 TND,blazers,drest.csv,drest
Maison 1 2 3 â Veste camel casual 100% en lin avec poches boutonnÃ©es,309.9 TND,blazers,drest.csv,drest
Maison 1 2 3 â VESTE GRISE Ã CHEVRONS TILLEUL,93.0 TND,blazers,drest.csv,drest
Maison 1 2 3 â VESTE OFFICIER MARINE EN VELOURS TANG,459.9 TND,blazers,drest.csv,drest
Maison 1 2 3 â Veste col tailleur cintrÃ©e Ã  micro-motifs Rose,138.0 TND,blazers,drest.csv,drest
Maison 1 2 3 â Saharienne col classique zippÃ©e Kaki,229.9 TND,blazers,drest.csv,drest
Newlook â Blue Cropped Denim Jacket,819.0 TND,blazers,drest.csv,drest
NewLook â Dark Brown Faux Fur Lined Leather-Look Aviator Jacket,319.9 TND,blazers,drest.csv,drest
Newlook â Veste biker en similicuir camel enduit,249.9 TND,blazers,drest.csv,drest
Newlook â Grey Oversized Blazer,519.0 TND,blazers,drest.csv,drest
NewLook â Curves Black Leather-Look Quilted Biker Jacket,259.5 TND,blazers,drest.csv,drest
NewLook â Blouson motard noir en suÃ©dine,559.0 TND,blazers,drest.csv,drest
"SALSA JEANS â Blouson biker en cuir, Beige",279.5 TND,blazers,drest.csv,drest
Maison 1 2 3 â Blue Mid-length jacket with tailored collar,759.0 TND,blazers,drest.csv,drest
NafNaf â Veste col tailleur cintrÃ©e Noir,379.5 TND,blazers,drest.csv,drest
NafNaf â Veste Ã  double boutonnage femme,719.0 TND,blazers,drest.csv,drest
NAfNaf â Veste femme avec ceinture,359.5 TND,blazers,drest.csv,drest
Veste courte en jean bleu pÃ¢le,679.0 TND,blazers,drest.csv,drest
NafNaf â Veste en coton classique pour femme,339.5 TND,blazers,drest.csv,drest
Gilet de costume blanc boutonnÃ© Ã  coupe droite,679.0 TND,blazers,drest.csv,drest
Blazer beige Ã  manches longues boutonnÃ©,339.5 TND,blazers,drest.csv,drest
Veste courte en jean noir,134.9 TND,blazers,drest.csv,drest
Blazer noir lÃ©ger,107.9 TND,blazers,drest.csv,drest
ImpermÃ©able gris en similicuir enduit,265.9 TND,blazers,drest.csv,drest
Bomber noir en jean Ã  col effet peluche,159.5 TND,blazers,drest.csv,drest
Blazer militaire noir en similicuir,174.9 TND,blazers,drest.csv,drest
NAFNAF â T-SHIRT FLUIDE AVEC BORDURE EN DENTELLE,3 TND,t-shirts,drest.csv,drest
"ETAM -KARMA DÃ©bardeur bas dentelle, Ecru",1144.9 TND,t-shirts,drest.csv,drest
NAFNAF â T-SHIRT DENTELLE ET CROCHET,89.9 TND,t-shirts,drest.csv,drest
T-shirt rouge Ã  imprimÃ© lÃ¨vres croquis,119.0 TND,t-shirts,drest.csv,drest
NAFNAF â T-shirt femme Ã  manches courtes avec volants et col V,99.9 TND,t-shirts,drest.csv,drest
White Broderie Frill Puff Sleeve Top,44.9 TND,t-shirts,drest.csv,drest
NAFNAF â T-SHIRT BI-MATIÃRE,89.9 TND,t-shirts,drest.csv,drest
Black Shirred Puff Sleeve Top,59.9 TND,t-shirts,drest.csv,drest
NAFNAF â T-shirt femme sans manches et col v,89.9 TND,t-shirts,drest.csv,drest
NAFNAF â DÃ©bardeur BLEACH AU CROCHET,89.9 TND,t-shirts,drest.csv,drest
T-shirt blanc Ã  slogan lÃ¨vres motif lÃ©opard,79.9 TND,t-shirts,drest.csv,drest
NAFNAF â TEE SHIRT BONHEUR EN BLANC,89.9 TND,t-shirts,drest.csv,drest
Petite â Top noir Ã  manches courtes Ã  volants,44.9 TND,t-shirts,drest.csv,drest
Body style bustier rouge Ã  dentelle fleurie,79.9 TND,t-shirts,drest.csv,drest
NAFNAF â DÃ©bardeur Ã  bretelles rÃ©glables pour femme,34.9 TND,t-shirts,drest.csv,drest
NAFNAF â T-SHIRT ECRU LE CAFÃ,89.9 TND,t-shirts,drest.csv,drest
NAFNAF â T-shirt blanc en dentelle,89.9 TND,t-shirts,drest.csv,drest
NAFNAF â T-SHIRT LACÃ AU DOS,79.9 TND,t-shirts,drest.csv,drest
NAFNAF â Top col claudine en dentelle Blanc,139.9 TND,t-shirts,drest.csv,drest
NAFNAF â Haut noir femme,99.9 TND,t-shirts,drest.csv,drest
NAFNAF â Blue Fine-knit square-neck sweater,99.9 TND,t-shirts,drest.csv,drest
"NAFNAF â DÃ©bardeur femme, sans manches et col rond",159.9 TND,t-shirts,drest.csv,drest
T-shirt gris foncÃ© Ã  slogan No Love Lost,159.9 TND,t-shirts,drest.csv,drest
White Poplin Broderie Trim Bardot Top,95.0 TND,t-shirts,drest.csv,drest
NAFNAF â TOP Ã BRETELLES AVEC BORDURE EN DENTELLE,59.9 TND,t-shirts,drest.csv,drest
Black Floral Shirred Puff Sleeve Top,29.9 TND,t-shirts,drest.csv,drest
Petite Black Spot Puff Sleeve Peplum Blouse,94.9 TND,t-shirts,drest.csv,drest
DÃ©bardeur blanc cÃ´telÃ© Ã  volants et col en U,56.9 TND,t-shirts,drest.csv,drest
White Spot Mesh Puff Sleeve Crop Top,79.9 TND,t-shirts,drest.csv,drest
T-shirt blanc Ã  manches courtes et Ã  volants,94.9 TND,t-shirts,drest.csv,drest
Soyez aimable avec ce t-shirt moutarde Ã  slogan Bee Kind.,89.9 TND,t-shirts,drest.csv,drest
Newlook â Rainbow Stripe Twist Tie Front Cami,26.9 TND,t-shirts,drest.csv,drest
Top noir froissÃ© Ã  col V et manches chauve-souris,18.8 TND,t-shirts,drest.csv,drest
T-shirt rose Ã  manches Ã  volants en tulle,94.9 TND,t-shirts,drest.csv,drest
Red Shirred Puff Sleeve Top,34.9 TND,t-shirts,drest.csv,drest
Newlook â Pink Frill Trim Milkmaid Bodysuit,44.9 TND,t-shirts,drest.csv,drest
Black Puff Sleeve Square Neck Top,67.9 TND,t-shirts,drest.csv,drest
Top noir en organza Ã  motif roses et manches bouffantes,20.2 TND,t-shirts,drest.csv,drest
Newlook â Black Crochet Cami,94.9 TND,t-shirts,drest.csv,drest
White Bee Kind Slogan T-Shirt,79.9 TND,t-shirts,drest.csv,drest
T-shirt noir Ã  imprimÃ© fleurs sauvages,89.9 TND,t-shirts,drest.csv,drest
T-shirt rose Ã  bas Ã  fleurs en crochet,79.9 TND,t-shirts,drest.csv,drest
DÃ©bardeur blanc Ã  imprimÃ© mystique,47.9 TND,t-shirts,drest.csv,drest
Body noir Ã  manches bouffantes,79.9 TND,t-shirts,drest.csv,drest
T-shirt blanc avec ourlet en crochet en forme de fleurs,79.9 TND,t-shirts,drest.csv,drest
Black Organza Puff Sleeve Manhattan Slogan T-Shirt,89.9 TND,t-shirts,drest.csv,drest
Pale Blue Contrast Lace Plunge Bodysuit,62.9 TND,t-shirts,drest.csv,drest
Brown Leopard Print Puff Sleeve Top,44.9 TND,t-shirts,drest.csv,drest
NafNaf â Womenâs long-sleeved sweater with lace and round neck,44.9 TND,t-shirts,drest.csv,drest
"ETAM -BARBARA Top manches courtes imprimÃ© bandana, Ecru",49.9 TND,t-shirts,drest.csv,drest
"ETAM -ALENA Top manches courtes tie and dye, Bleu",39.9 TND,t-shirts,drest.csv,drest
"ETAM -ALIA Top manches courtes texturÃ©, Ecru",79.9 TND,t-shirts,drest.csv,drest
"ETAM -ALLAN Top manches courtes uni, Rose Poudre",49.9 TND,t-shirts,drest.csv,drest
"ETAM -AMY DÃ©bardeur de pyjama 100% lin, ANTHRACITE",79.9 TND,t-shirts,drest.csv,drest
"ETAM -BAO DÃ©bardeur âSunshineâ, Blanc",89.9 TND,t-shirts,drest.csv,drest
"ETAM -IZZY T-shirt âGOODâ, Ecru",59.9 TND,t-shirts,drest.csv,drest
"ETAM -INAE T-shirt âFocus on the goodâ, Ecru",165.0 TND,t-shirts,drest.csv,drest
"ETAM -INAE Top manches courtes, Kaki",85.0 TND,t-shirts,drest.csv,drest
"ETAM -IRMA Top manches courtes imprimÃ©, Anis",99.0 TND,t-shirts,drest.csv,drest
"ETAM -MYANA Tee-shirt manches courtes âFridayâ, Ecru",125.0 TND,t-shirts,drest.csv,drest
"ETAM -MADDOX Top manches courtes bords dentelle, Gris",75.0 TND,t-shirts,drest.csv,drest
"ETAM -MACY T-shirt âBe diffÃ©rentâ, LILAS",85.0 TND,t-shirts,drest.csv,drest
"ETAM -UPSIDE Body dÃ©colletÃ© plongeant en dentelle, Noir",75.0 TND,t-shirts,drest.csv,drest
"ETAM -EDRIK Caraco dÃ©colletÃ© dentelle, Bronze",85.0 TND,t-shirts,drest.csv,drest
"DREST COLLECTION â Sandale Ã  talon carrÃ© a trois bondes en daim, Noir",3 TND,shoes,drest.csv,drest
DREST COLLECTION â Sandale a talon pailletÃ© en noir,1144.9 TND,shoes,drest.csv,drest
Pale Pink Leather-Look Espadrille Wedges,114.9 TND,shoes,drest.csv,drest
DREST COLLECTION â Mules Ã  talon mi-haut en noir,103.4 TND,shoes,drest.csv,drest
Silver Glitter 2 Part Cork Espadrille Wedges,99.9 TND,shoes,drest.csv,drest
"DREST COLLECTION â Sandale Ã  mi-talon a deux bondes, beige",89.9 TND,shoes,drest.csv,drest
DREST COLLECTION â Mulle a mi-talon en blanc a semelle carrÃ©,124.9 TND,shoes,drest.csv,drest
DREST COLLECTION â Mules Ã  talon mi-haut en beige,112.4 TND,shoes,drest.csv,drest
DREST COLLECTION â Flipflop en jaune poucin a semelle caoutchou,104.9 TND,shoes,drest.csv,drest
DREST COLLECTION â Claquette plate noire en simili cuir,94.4 TND,shoes,drest.csv,drest
DREST COLLECTION â claquette noire a bonde rombourÃ©,114.9 TND,shoes,drest.csv,drest
DREST COLLECTION â Mules style mocassin en Camel,103.4 TND,shoes,drest.csv,drest
DREST COLLECTION â Sandale a talon multicouleur a semelle platforme en blanc,104.9 TND,shoes,drest.csv,drest
DREST COLLECTION â Sandale noir a semelle compensÃ© en rafia,94.4 TND,shoes,drest.csv,drest
"DREST COLLECTION â Sandale Ã  talon carrÃ© a trois bondes en daim, Nude",104.9 TND,shoes,drest.csv,drest
DREST COLLECTION â Claquette Noire avec perlles a semelle plate,94.4 TND,shoes,drest.csv,drest
Havaianas â You St Tropez Mesh jaunes  imprimes,104.9 TND,shoes,drest.csv,drest
Havaianas â You St Tropez Mesh rose imprimes,94.4 TND,shoes,drest.csv,drest
DREST COLLECTION â Tongs simples en beige,59.9 TND,shoes,drest.csv,drest
Wide Fit â Espadrilles blanches mÃ©tallisÃ©es Ã  semelles compensÃ©es en liÃ¨ge,53.9 TND,shoes,drest.csv,drest
DREST COLLECTION â Sandale noir a talon carrÃ© a deux bondes froissÃ©,59.9 TND,shoes,drest.csv,drest
"ETAM -BLUEDAY Chaussons tongs, Rose",53.9 TND,shoes,drest.csv,drest
"DREST COLLECTION â Claquette a 4 bondes en simili cuir avec chaines dorÃ©, Beige",59.9 TND,shoes,drest.csv,drest
NEWLOOK -White Canvas Chunky Lace Up Trainers,53.9 TND,shoes,drest.csv,drest
NEWLOOK -Silver Glitter Keyhole Pointed Pumps,94.9 TND,shoes,drest.csv,drest
DREST COLLECTION â Sandale Camel a semelle compensÃ© en rafia,85.4 TND,shoes,drest.csv,drest
NEWLOOK â Black Faux Croc Twist Strap Sliders,94.9 TND,shoes,drest.csv,drest
DREST COLLECTION â Tongs rouge a deux bandes croisÃ©,85.4 TND,shoes,drest.csv,drest
DREST COLLECTION â Sandale Ã  talon noir verni a bonde transparent avec neud pailletÃ©,124.9 TND,shoes,drest.csv,drest
DREST COLLECTION â Mules style mocassin en Blanc,112.4 TND,shoes,drest.csv,drest
Wide Fit â Sandales or rose Ã  brides tressÃ©es en cuir,114.9 TND,shoes,drest.csv,drest
"DREST COLLECTION â Claquette a 4 bondes en simili cuir avec chaines dorÃ©, Blanc",103.4 TND,shoes,drest.csv,drest
DREST COLLECTION â Tongs en bleu claire a semelle platform noire,65.9 TND,shoes,drest.csv,drest
DREST COLLECTION â Claquette en camel avec perlles a semelle plate,59.3 TND,shoes,drest.csv,drest
"DREST COLLECTION â Sandale Ã  mi-talon a bondes Transparents, orange",116.0 TND,shoes,drest.csv,drest
DREST COLLECTION â Tongs en nude a semelle platform noire,116.0 TND,shoes,drest.csv,drest
DREST COLLECTION â Tongs simples en orange,62.9 TND,shoes,drest.csv,drest
"DREST COLLECTION â Sandale Ã  mi-talon a bondes Transparents, nude",56.6 TND,shoes,drest.csv,drest
DREST COLLECTION â Mules Ã  talon mi-haut en blanc,124.9 TND,shoes,drest.csv,drest
DREST COLLECTION â Mulle a mi-talon en kaki a semelle carrÃ©,112.4 TND,shoes,drest.csv,drest
DREST COLLECTION â Sandale violet a talon,104.9 TND,shoes,drest.csv,drest
DREST COLLECTION â Sandale noir a talon,94.4 TND,shoes,drest.csv,drest
DREST COLLECTION â Tongs en blanc a deux bandes croisÃ©,49.0 TND,shoes,drest.csv,drest
"DREST COLLECTION â Sandale Ã  mi-talon a bondes Transparents, blanc",69.9 TND,shoes,drest.csv,drest
"DREST COLLECTION â Sandale Ã  talon carrÃ© a deux bondes froissÃ©s, beige",62.9 TND,shoes,drest.csv,drest
Havaianas â Slim Glitter RosÃ©s,94.9 TND,shoes,drest.csv,drest
Havaianas â You Trancoso Premium DorÃ©s,85.4 TND,shoes,drest.csv,drest
Havaianas â You Metallic,89.9 TND,shoes,drest.csv,drest
Wide Fit Black Leather-Look Cork Wedges,80.9 TND,shoes,drest.csv,drest
KELARA â MULES PLATEFORME EN  BEIGES,124.9 TND,shoes,drest.csv,drest
KELARA â SANDALES COMPENSES CROISES MARRONS,112.4 TND,shoes,drest.csv,drest
Havaianas â Slim Palette Glow rosÃ©s,54.9 TND,shoes,drest.csv,drest
Havaianas â Slim Glitter Noires,49.4 TND,shoes,drest.csv,drest
Havaianas â Slim Flatform Glitter ArgentÃ©s,89.9 TND,shoes,drest.csv,drest
Havaianas â You Shine Dores,80.9 TND,shoes,drest.csv,drest
Havaianas â Slim Logo Metallic â noires,139.9 TND,shoes,drest.csv,drest
DREST COLLECTION â Tongs en vert a semelle platform noire,125.9 TND,shoes,drest.csv,drest
DREST COLLECTION â Sandale a talon pailletÃ© en dorÃ©,94.9 TND,shoes,drest.csv,drest
Havaianas â Top Marvel,85.4 TND,shoes,drest.csv,drest
DREST COLLECTION â Sandale a talon avec semelle platforme en noir,79.9 TND,shoes,drest.csv,drest
Havaianas â Slim Flatform Glitter RosÃ©s,71.9 TND,shoes,drest.csv,drest
DREST COLLECTION â Sandales Ã  talon haut avec strass en gold,69.9 TND,shoes,drest.csv,drest
Havaianas â You St Tropez roses,62.9 TND,shoes,drest.csv,drest
DREST COLLECTION â Claquette Blanche avec perlles a semelle plate,89.9 TND,shoes,drest.csv,drest
NAFNAF â Sac Ã  main â mauve,3 TND,accessories,drest.csv,drest
NAFNAF â Skimono Ceinture Femme,1144.9 TND,accessories,drest.csv,drest
NAFNAF â Sac pochette â blanc,119.9 TND,accessories,drest.csv,drest
Sac seau noir effet croco Ã  cordon de serrage,75.9 TND,accessories,drest.csv,drest
NAFNAF â Foulard rectangulaire avec des motifs de fleurs en deux couleurs PENXF11A,119.9 TND,accessories,drest.csv,drest
NAFNAF â CEINTURE TRESSÃE,79.9 TND,accessories,drest.csv,drest
NAFNAF â Sac bandouliÃ¨re mÃ©tallisÃ© DorÃ©,79.9 TND,accessories,drest.csv,drest
NAFNAF â Pochette perle multicolore,99.9 TND,accessories,drest.csv,drest
MY OYA â Cutie Little Bag bleu pastel,119.9 TND,accessories,drest.csv,drest
NAFNAF â Sac bandouliÃ¨re Ã  paillettes Rose,119.9 TND,accessories,drest.csv,drest
NAFNAF â Sac Ã  bandouliÃ¨re â ecru,85.0 TND,accessories,drest.csv,drest
NewLook â Pochette Ã©crue vernie Ã  ornement en mÃ©tal,119.9 TND,accessories,drest.csv,drest
MY OYA â Sac de plage Happy Colors,119.9 TND,accessories,drest.csv,drest
Grande trousse de maquillage rose Ã  paillettes,69.9 TND,accessories,drest.csv,drest
Cream Leather-Look DiamantÃ© Circle Buckle Belt,119.0 TND,accessories,drest.csv,drest
NewLook â Mink Leather-Look Stud Tote Bag,107.1 TND,accessories,drest.csv,drest
NewLook â Black Eylure Texture No. 117 False Lashes,39.9 TND,accessories,drest.csv,drest
Lunettes de soleil oversize effet Ã©caille de tortue marron,49.9 TND,accessories,drest.csv,drest
NewLook â Camel Leather-Look Knot Headband,114.9 TND,accessories,drest.csv,drest
NewLook â Silver Slatted Bamboo Round Shoulder Bag,80.4 TND,accessories,drest.csv,drest
NewLook â Bloom & Luna Rose Gold Blush and Powder Brush,32.9 TND,accessories,drest.csv,drest
NewLook â Black Gingham Face Covering and Scrunchie,72.9 TND,accessories,drest.csv,drest
NewLook â 2 Pack Multicoloured Tie Dye PlissÃ© Knot Headbands,29.0 TND,accessories,drest.csv,drest
ETAM -MICKY Trousse rayÃ©e âPositive Mindâ,154.9 TND,accessories,drest.csv,drest
"ETAM -RELAX Trousse nid dâabeille, Blanc",77.4 TND,accessories,drest.csv,drest
"ETAM -ATIKA Chouchous imprimÃ©s, MULTICOLORE",32.9 TND,accessories,drest.csv,drest
"ETAM -ADELA Trousse imprimÃ© tropical, Rose",43.9 TND,accessories,drest.csv,drest
"ETAM -INVISIBLE FASHION Lot de 2 paires de socquettes, Gris",54.9 TND,accessories,drest.csv,drest
"ETAM -INVISIBLE FASHION Lot de 2 paires de socquettes, Noir",75.0 TND,accessories,drest.csv,drest
"ETAM -COTON BIO MIDI 2 paires de chaussettes en coton bio, Ecru",85.0 TND,accessories,drest.csv,drest
"ETAM -TROMPE LâÅIL Collant trompe Åil effet bas, Noir",39.0 TND,accessories,drest.csv,drest
"ETAM -ILLUSION Collant effet porte-jarretelle, Noir",85.0 TND,accessories,drest.csv,drest
"ETAM -COTON BIO Collant en coton bio â 30D, Noir",45.0 TND,accessories,drest.csv,drest
"ETAM -SANS COUTURE Bas seamless sans couture â 30D, Noir",45.0 TND,accessories,drest.csv,drest
"ETAM -LOZANGE Collant motifs lozanges, Noir",39.0 TND,accessories,drest.csv,drest
"ETAM -DOUBLE ACTION Collant sculptant double action â 30D, Noir",55.0 TND,accessories,drest.csv,drest
"ETAM -PLUMETIS Collant plumetis, Noir",69.0 TND,accessories,drest.csv,drest
NewLook â Pochette blanche en satin de mariage Ã  anneau en strass,55.0 TND,accessories,drest.csv,drest
NewLook â Eylure Black Daytime Darling False Lashes,69.0 TND,accessories,drest.csv,drest
Black Faux Croc Stud Bum Bag,55.0 TND,accessories,drest.csv,drest
NewLook â Black Tab Front Backpack,69.0 TND,accessories,drest.csv,drest
NewLook â 2 Pack Black Satin Bow Headband and Scrunchie,55.0 TND,accessories,drest.csv,drest
NewLook â 3 Pack Black Sports Grip Invisible Socks,79.9 TND,accessories,drest.csv,drest
NewLook â Black Floral Ruched Reusable Face Covering,32.9 TND,accessories,drest.csv,drest
NewLook â 2 Pack Pink Ribbed Headband and Scrunchie,69.9 TND,accessories,drest.csv,drest
NewLook â Burgundy Suedette Quilted Laptop Backpack,119.9 TND,accessories,drest.csv,drest
NewLook â Burgundy Leather-Look Zip Front Tote Bag,29.0 TND,accessories,drest.csv,drest
NewLook â Sac fourre-tout noir de sport,20.9 TND,accessories,drest.csv,drest
NewLook â Pale Pink Beauty Sponge,29.0 TND,accessories,drest.csv,drest
Lunettes de soleil marron foncÃ© Ã  dÃ©tail en mÃ©tal,32.9 TND,accessories,drest.csv,drest
NEWLOOK â Grey Quilted Panel Chain Shoulder Bag,94.9 TND,accessories,drest.csv,drest
NewLook â Cream Pocket Front Sports Shopper Bag,94.9 TND,accessories,drest.csv,drest
NEWLOOK â Black Tab Front Shoulder Bag,94.9 TND,accessories,drest.csv,drest
NewLook â Black Faux Croc Mini Shoulder Bag,13.9 TND,accessories,drest.csv,drest
NewLook â 3 Pack Multicoloured Tie Dye Reusable Face Coverings,72.9 TND,accessories,drest.csv,drest
NewLook â Brown Velvet Leopard Knot Headband,85.9 TND,accessories,drest.csv,drest
MIGATO-Sac portÃ© Ã©paule texturÃ© lÃ©zard MARON,104.0 TND,accessories,drest.csv,drest
MOA â COLLIER O/CRISTA,85.9 TND,accessories,drest.csv,drest
Girls Lunette de soleil noires oversize design color block,85.9 TND,accessories,drest.csv,drest
GUILD â Doctorâs Bag White,32.9 TND,accessories,drest.csv,drest
MOA â BOUCLE OREILLE COULEUR NOIR/MARRON,29.0 TND,accessories,drest.csv,drest
MOA â BOUCLE OREILLE COULEUR OR/MARRON,119.9 TND,accessories,drest.csv,drest
MOA â BOUCLE OREILLE COULEUR MARRON/OR,44.5 TND,accessories,drest.csv,drest
MIGATO-Sac Ã  main verni beige Ã  rabat,31.2 TND,accessories,drest.csv,drest
